<?xml version="1.0"?>
<!DOCTYPE modification SYSTEM "http://www.simplemachines.org/xml/modification">
<modification xmlns="http://www.simplemachines.org/xml/modification" xmlns:smf="http://www.simplemachines.org/">
	<id>din1031:ThankOMatic</id>
	<version>3.0</version>
	<!--SSI.php-->
	<file name="$boarddir/SSI.php">
		<operation>
			<search position="end" />
			<add><![CDATA[
// Shows the top Thank You Resive.
function ssi_thankYouPostTopResived($topMembers = 5, $output_method = 'echo')
{
	global $txt, $scripturl, $modSettings, $smcFunc;

	// Fix mistakes ;P
	$topMembers = (int) $topMembers;
	$topMembers = empty($topMembers) ? 5 : $topMembers;

	// Find the latest poster.
	$request = $smcFunc['db_query']('', '
		SELECT id_member, real_name, thank_you_post_became, thank_you_post_made
		FROM {db_prefix}members
		ORDER BY thank_you_post_became DESC
		LIMIT {int:limit}',
		array(
			'limit' => $topMembers
		)
	);
	$return = array();
	while ($row = $smcFunc['db_fetch_assoc']($request))
	{
		$return[] = array(
			'id' => $row['id_member'],
			'name' => $row['real_name'],
			'href' => $scripturl . '?action=profile;u=' . $row['id_member'],
			'link' => '<a href="' . $scripturl . '?action=profile;u=' . $row['id_member'] . '">' . $row['real_name'] . '</a>',
			'thank_you_post_became' => $row['thank_you_post_became'],
			'thank_you_post_made' => $row['thank_you_post_made']
		);
		$colorids[$row['id_member']] = $row['id_member'];
	}
	$smcFunc['db_free_result']($request);

	// Add colors only on installed SSI Member Color Link
	if (function_exists('ssi_loadColors') && !empty($colorids))
	{
		global $color_profile;
		ssi_loadColors($colorids);
		foreach ($return as $k => $p)
		{
			$profile = $color_profile[$p['id']];
			if (!empty($profile))
				$return[$k]['link'] = $profile['link'];
		}
	}
	if ($output_method != 'echo')
		return $return;

	if (empty($return))
		return;

	echo '
		<table class="ssi_table">
			<tr>
				<th align="left"></th>
				<th align="left">', $txt['thank_you_post_became_display'], '</th>
				<th align="left">', $txt['thank_you_post_made_display'], '</th>
			</tr>';
	foreach ($return as $temp)
		echo '
			<tr>
				<td align="left">
					', $temp['link'], '
				</td>
				<td align="right">', $temp['thank_you_post_became'], '</td>
				<td align="right">', $temp['thank_you_post_made'], '</td>
			</tr>';
	echo '
		</table>';
}

// Shows the top Thank You Given.
function ssi_thankYouPostTopGiven($topMembers = 5, $output_method = 'echo')
{
	global $txt, $scripturl, $modSettings, $smcFunc;

	// Fix mistakes ;P
	$topMembers = (int) $topMembers;
	$topMembers = empty($topMembers) ? 5 : $topMembers;

	// Find the latest poster.
	$request = $smcFunc['db_query']('', '
		SELECT id_member, real_name, thank_you_post_became, thank_you_post_made
		FROM {db_prefix}members
		ORDER BY thank_you_post_made DESC
		LIMIT {int:limit}',
		array(
			'limit' => $topMembers
		)
	);
	$return = array();
	while ($row = $smcFunc['db_fetch_assoc']($request))
	{
		$return[] = array(
			'id' => $row['id_member'],
			'name' => $row['real_name'],
			'href' => $scripturl . '?action=profile;u=' . $row['id_member'],
			'link' => '<a href="' . $scripturl . '?action=profile;u=' . $row['id_member'] . '">' . $row['real_name'] . '</a>',
			'thank_you_post_became' => $row['thank_you_post_became'],
			'thank_you_post_made' => $row['thank_you_post_made']
		);
		$colorids[$row['id_member']] = $row['id_member'];
	}
	$smcFunc['db_free_result']($request);

	// Add colors only on installed SSI Member Color Link
	if (function_exists('ssi_loadColors') && !empty($colorids))
	{
		global $color_profile;
		ssi_loadColors($colorids);
		foreach ($return as $k => $p)
		{
			$profile = $color_profile[$p['id']];
			if (!empty($profile))
				$return[$k]['link'] = $profile['link'];
		}
	}

	if ($output_method != 'echo')
		return $return;

	if (empty($return))
		return;

	echo '
		<table class="ssi_table">
			<tr>
				<th align="left"></th>
				<th align="left">', $txt['thank_you_post_made_display'], '</th>
				<th align="left">', $txt['thank_you_post_became_display'], '</th>
			</tr>';
	foreach ($return as $temp)
		echo '
			<tr>
				<td align="left">
					', $temp['link'], '
				</td>
				<td align="right">', $temp['thank_you_post_made'], '</td>
				<td align="right">', $temp['thank_you_post_became'], '</td>
			</tr>';
	echo '
		</table>';
}
]]></add>
		</operation>
	</file>
	<!--Display.php-->
	<file name="$sourcedir/Display.php">
		<operation>
			<search position="replace"><![CDATA[t.id_member_started, t.id_first_msg, t.id_last_msg, t.approved,]]></search>
			<add><![CDATA[t.thank_you_post_locked, t.id_member_started, t.id_first_msg, t.id_last_msg, t.approved,]]></add>
		</operation>
		<operation>
			<search position="replace"><![CDATA[
	// Information about the current topic...
]]></search>
			<add><![CDATA[
	// Some Thanky You things ;)
	$context['is_thank_you_post_locked'] = $topicinfo['thank_you_post_locked'];
	$context['thank_you_lock_allowed'] = !empty($board_info['thank_you_post_enable']) && !$user_info['is_guest'] && (allowedTo('thank_you_post_lock_all_any') || (allowedTo('thank_you_post_lock_all_own') && $user_info['id'] == $topicinfo['id_member_started']));
	$context['thank_you_post_enable'] = $board_info['thank_you_post_enable'];
	$context['thank_you_post_unlock_all'] = false;
	
	// Information about the current topic...
]]></add>
		</operation>
		<operation>
			<search position="replace"><![CDATA[
		FROM {db_prefix}messages
		WHERE id_topic = {int:current_topic}]]></search>
			<add><![CDATA[
		'.($board_info['thank_you_post_enable'] ? ', thank_you_post' : '').'	
		FROM {db_prefix}messages
		WHERE id_topic = {int:current_topic}]]></add>
		</operation>
		<operation>
			<search position="replace"><![CDATA[
	$messages = array();
	$all_posters = array();
]]></search>
			<add><![CDATA[
	$thank_you_posts = array();
	$messages = array();
	$all_posters = array();
]]></add>
		</operation>
		<operation>
			<search position="replace"><![CDATA[
		if (!empty($row['id_member']))
			$all_posters[$row['id_msg']] = $row['id_member'];
		$messages[] = $row['id_msg'];
]]></search>
			<add><![CDATA[
		if (!empty($row['id_member']))
			$all_posters[$row['id_msg']] = $row['id_member'];
		$messages[] = $row['id_msg'];
		
		if (!empty($row['thank_you_post']))
			$thank_you_posts[] = $row['id_msg'];
]]></add>
		</operation>
		<operation>
			<search position="replace"><![CDATA[
			// This is better than sorting it with the query...
			ksort($temp);

			foreach ($temp as $row)
				$attachments[$row['id_msg']][] = $row;
		}
]]></search>
			<add><![CDATA[
			// This is better than sorting it with the query...
			ksort($temp);

			foreach ($temp as $row)
				$attachments[$row['id_msg']][] = $row;
		}

		$context['thank_you_post']['postet_thanks'] = array();
		$context['thank_you_post']['topic'] = null;

		// The user will a thank you list?
		if ($board_info['thank_you_post_enable'] && (allowedTo('thank_you_post_show') || allowedTo('thank_you_post_post')))
		{
			// Possible strange settings fix...
			if (!empty($modSettings['thankYouPostDisableUnhide']) && empty($modSettings['thankYouPostThxUnhideAll']) && empty($modSettings['thankYouPostUnhidePost']))
				$modSettings['thankYouPostDisableUnhide'] = 0;
			$modSettings['thankYouPostType'] = empty($modSettings['thankYouPostType']) ? 0 : $modSettings['thankYouPostType'];

			if (!empty($modSettings['thankYouPostPreview']) && !empty($thank_you_posts) && allowedTo('thank_you_post_show'))
			{
				// Should i gernerate a list? Need a extra query :)
				require_once($sourcedir . '/ThankYouPost.php');
				ThankYouPostList($thank_you_posts, true);
			}
			// Let's say the user try everything... even if it not logical :P
			else
			{
				$modSettings['thankYouPostCounterOutput'] = empty($modSettings['thankYouPostCounterOutput']) ? 0 : $modSettings['thankYouPostCounterOutput'];
				$context['thank_you_post_template']['disable_counter_text'] = $modSettings['thankYouPostCounterOutput'] == 2;
				$context['thank_you_post_template']['disable_counter_link'] = $modSettings['thankYouPostCounterOutput'] == 1;
			}

			// Okay no preview so in need to load the data extra for this :)
			if (!empty($thank_you_posts) && !empty($user_info['id']) && allowedTo('thank_you_post_post'))
			{
				// Search for one made or the made one in the thread ;)
				$thx = $smcFunc['db_query']('', '
					SELECT id_thx_post, id_msg
					FROM {db_prefix}thank_you_post
					WHERE id_topic = {int:topic}
						AND id_member = {int:id_member}
						' . (!empty($modSettings['thankYouPostType']) ? 'AND id_msg IN ({array_int:thank_you_posts})' : '') . '
					{raw:limit}',
					array(
						'topic' => $topic,
						'id_member' => $user_info['id'],
						'limit' => $modSettings['thankYouPostType'] != 1 ? 'LIMIT 1' : '',
						'thank_you_posts' => $modSettings['thankYouPostType'] == 1 ? $thank_you_posts : array($context['topic_first_message']),
					)
				);

				while ($row = $smcFunc['db_fetch_assoc']($thx))
					$context['thank_you_post']['postet_thanks'][$row['id_msg']] = $row['id_thx_post'];
				$smcFunc['db_free_result']($thx);

				$context['thank_you_post']['topic'] = $topic;

				// Okay Hide Tag Special Handling in Thank You Mod
				if (!empty($modSettings['thankYouPostDisableUnhide']))
					$context['user_post_avaible'] = 0;
				// Unhide all after one post?
				if (!empty($modSettings['thankYouPostThxUnhideAll']) && !empty($context['thank_you_post']['postet_thanks']))
					$context['user_post_avaible'] = 1;
			}
			elseif (!empty($modSettings['thankYouPostDisableUnhide']))
				$context['user_post_avaible'] = 0;
		}		
]]></add>
		</operation>
		<operation>
			<search position="replace"><![CDATA[
				id_msg_modified < {int:new_from} AS is_read
			FROM {db_prefix}messages
]]></search>
			<add><![CDATA[
				' . ($board_info['thank_you_post_enable'] && allowedTo('thank_you_post_show') ? 'thank_you_post, thank_you_post_counter,' : '') . '
				id_msg_modified < {int:new_from} AS is_read
			FROM {db_prefix}messages
				
]]></add>
		</operation>
		<operation>
			<search position="replace"><![CDATA[
	// Do the censor thang.
	censorText($message['body']);
	censorText($message['subject']);
]]></search>
			<add><![CDATA[
	// Do the censor thang.
	censorText($message['body']);
	censorText($message['subject']);
	
	// Second Option for unhide content, for special hide tag
	$disable_unhideafter = false;
	if ((!empty($modSettings['thankYouPostUnhidePost']) && empty($context['user_post_avaible']) && isset($context['thank_you_post']['postet_thanks'][$message['id_msg']]) && empty($modSettings['thankYouPostThxUnhideAll'])) || (!empty($modSettings['thankYouPostDisableUnhide']) && $user_info['id'] == $message['id_member']))
	{
		$disable_unhideafter = true;
		$context['user_post_avaible'] = 1;
	}
]]></add>
		</operation>
		<operation>
			<search position="replace"><![CDATA[
		'can_see_ip' => allowedTo('moderate_forum') || ($message['id_member'] == $user_info['id'] && !empty($user_info['id'])),
]]></search>
			<add><![CDATA[
		'can_see_ip' => allowedTo('moderate_forum') || ($message['id_member'] == $user_info['id'] && !empty($user_info['id'])),
		'thank_you_post' => array(
			'post' =>
				// Sorry i need to clear it for me... it's a huge check you know *g*
				$context['thank_you_post_enable']
				&& empty($context['is_thank_you_post_locked'])
				&& allowedTo('thank_you_post_post')
				&& $user_info['id'] != $message['id_member']
				&& !isset($context['thank_you_post']['postet_thanks'][$message['id_msg']])
				&& (
					!empty($modSettings['thankYouPostOnePerPost'])
					||
					(
						empty($modSettings['thankYouPostFirstPostOnly'])
						&&
						empty($context['thank_you_post']['postet_thanks'])
					)
					||
					(
						!empty($modSettings['thankYouPostFirstPostOnly'])
						&&
						$context['topic_first_message'] == $message['id_msg']
					)
				)
				,
			'lock' => $context['thank_you_post_enable'] && empty($context['is_thank_you_post_locked']) && (allowedTo('thank_you_post_lock_any') || (allowedTo('thank_you_post_lock_own') && $user_info['id'] == $message['id_member'])),
			'delete' => $context['thank_you_post_enable'] && allowedTo('thank_you_post_delete_any') || (allowedTo('thank_you_post_delete_own') && $user_info['id'] == $message['id_member']),
			'counter' => $context['thank_you_post_enable'] && !empty($message['thank_you_post_counter']) ? $message['thank_you_post_counter'] : '0',
			'locked' => $context['thank_you_post_enable'] && !empty($message['thank_you_post']) && $message['thank_you_post'] > 1,
			'isThankYouPost' => $context['thank_you_post_enable'] && !empty($message['thank_you_post']) && $message['thank_you_post'] >= 1,
			'href' => $context['thank_you_post_enable'] ? $scripturl . '?action=thankyoupostlist;topic='  . $topic . '.0;msg=' . $message['id_msg'] : '',
		),
]]></add>
		</operation>
		<operation>
			<search position="replace"><![CDATA[
	if (empty($options['view_newest_first']))
		$counter++;
	else
		$counter--;
]]></search>
			<add><![CDATA[
	// This Options apear only if realy a thank you is in there, and one is locked *g*
	if ($context['thank_you_post_enable'] && allowedTo('thank_you_post_unlock_all') && !empty($message['thank_you_post']) && $message['thank_you_post'] > 1)
		$context['thank_you_post_unlock_all'] = true;

	// Second Option for unhide content, for special hide tag
	if ($disable_unhideafter)
		$context['user_post_avaible'] = 0;
	
	if (empty($options['view_newest_first']))
		$counter++;
	else
		$counter--;
]]></add>
		</operation>
	</file>
	<!--Load.php-->
	<file name="$sourcedir/Load.php">
		<operation>
			<search position="replace"><![CDATA[
		'permissions' => array(),
]]></search>
			<add><![CDATA[
		'permissions' => array(),
		'last_thank_you_time' => isset($user_settings['last_thank_you_time']) ? $user_settings['last_thank_you_time'] : 0,
]]></add>
		</operation>
		<operation>
			<search position="replace"><![CDATA[
				b.id_theme, b.override_theme, b.count_posts, b.id_profile,]]></search>
			<add><![CDATA[
				b.id_theme, b.override_theme, b.count_posts, b.id_profile, b.thank_you_post_enable,]]></add>
		</operation>
		<operation>
			<search position="replace"><![CDATA[
				'posts_count' => empty($row['count_posts']),
]]></search>
			<add><![CDATA[
				'posts_count' => empty($row['count_posts']),
				'thank_you_post_enable' => empty($row['thank_you_post_enable']),
]]></add>
		</operation>
		<operation>
			<search position="replace"><![CDATA[
			mem.birthdate, mem.member_ip, mem.member_ip2, mem.icq, mem.aim, mem.yim, mem.msn, mem.posts, mem.last_login,
			mem.karma_good, mem.id_post_group, mem.karma_bad, mem.lngfile, mem.id_group, mem.time_offset, mem.show_online,
]]></search>
			<add><![CDATA[
			mem.birthdate, mem.member_ip, mem.member_ip2, mem.icq, mem.aim, mem.yim, mem.msn, mem.posts, mem.last_login,
			mem.karma_good, mem.id_post_group, mem.karma_bad, mem.lngfile, mem.id_group, mem.time_offset, mem.show_online,
			mem.thank_you_post_made, mem.thank_you_post_became, last_thank_you_time,
]]></add>
		</operation>
		<operation>
			<search position="replace"><![CDATA[
			mem.time_format, mem.secret_question, mem.is_activated, mem.additional_groups, mem.smiley_set, mem.show_online,
			mem.total_time_logged_in, mem.id_post_group, mem.notify_announcements, mem.notify_regularity, mem.notify_send_body,
]]></search>
			<add><![CDATA[
			mem.time_format, mem.secret_question, mem.is_activated, mem.additional_groups, mem.smiley_set, mem.show_online,
			mem.total_time_logged_in, mem.id_post_group, mem.notify_announcements, mem.notify_regularity, mem.notify_send_body,
			mem.thank_you_post_made, mem.thank_you_post_became, last_thank_you_time,
]]></add>
		</operation>
		<operation>
			<search position="replace"><![CDATA[
			mem.id_member, mem.member_name, mem.real_name, mem.email_address, mem.hide_email, mem.date_registered,
]]></search>
			<add><![CDATA[
			mem.id_member, mem.member_name, mem.real_name, mem.email_address, mem.hide_email, mem.date_registered,
			mem.thank_you_post_made, mem.thank_you_post_became, last_thank_you_time,
]]></add>
		</operation>
		<operation>
			<search position="replace"><![CDATA[
		'local_time' => timeformat(time() + ($profile['time_offset'] - $user_info['time_offset']) * 3600, false),
]]></search>
			<add><![CDATA[
		'local_time' => timeformat(time() + ($profile['time_offset'] - $user_info['time_offset']) * 3600, false),
		'thank_you_post' => array(
			'made' => &$profile['thank_you_post_made'],
			'became' => &$profile['thank_you_post_became'],
			'last_thank_you_time' => &$profile['last_thank_you_time'],
		),
]]></add>
		</operation>
	</file>
	<!--ManageBoards.php-->
	<file name="$sourcedir/ManageBoards.php">
		<operation>
			<search position="replace"><![CDATA[
			'override_theme' => 0,
]]></search>
			<add><![CDATA[
			'override_theme' => 0,
			'thank_you_post_enable' => 0,
]]></add>
		</operation>
		<operation>
			<search position="replace"><![CDATA[
		$boardOptions['posts_count'] = isset($_POST['count']);
]]></search>
			<add><![CDATA[
		$boardOptions['posts_count'] = isset($_POST['count']);
		$boardOptions['thank_you_post_enable'] = isset($_POST['thank_you_post_enable']);
]]></add>
		</operation>
	</file>
	<!--ManagePermissions.php-->
	<file name="$sourcedir/ManagePermissions.php">
		<operation>
			<search position="replace"><![CDATA[
		'profile_view_own',
		'profile_identity_own',
]]></search>
			<add><![CDATA[
		'profile_view_own',
		'profile_identity_own',
		'thank_you_post_show',
]]></add>
		</operation>
		<operation>
			<search position="replace"><![CDATA[
		'report_any',
		'send_topic',
]]></search>
			<add><![CDATA[
		'report_any',
		'send_topic',
		'thank_you_post_post',
		'thank_you_post_lock_own',
		'thank_you_post_lock_any',
		'thank_you_post_delete_own',
		'thank_you_post_delete_any',
		'thank_you_post_delete_mem_own',
		'thank_you_post_delete_mem_any',
		'thank_you_post_lock_all_own',
		'thank_you_post_lock_all_any',
]]></add>
		</operation>
		<operation>
			<search position="replace"><![CDATA[
				'modify',
				'notification',
]]></search>
			<add><![CDATA[
				'modify',
				'notification',
				'thank_you_post',
]]></add>
		</operation>
		<operation>
			<search position="replace"><![CDATA[
				'poll',
				'notification',
]]></search>
			<add><![CDATA[
				'poll',
				'notification',
				'thank_you_post',
]]></add>
		</operation>
		<operation>
			<search position="replace"><![CDATA[
			'mark_any_notify' => array(false, 'notification', 'notification'),
			'mark_notify' => array(false, 'notification', 'notification'),
]]></search>
			<add><![CDATA[
			'mark_any_notify' => array(false, 'notification', 'notification'),
			'mark_notify' => array(false, 'notification', 'notification'),
			'thank_you_post_post' => array(false, 'thank_you_post', 'thank_you_post'),
			'thank_you_post_show' => array(false, 'thank_you_post', 'thank_you_post'),
			'thank_you_post_delete' => array(true, 'thank_you_post', 'thank_you_post', 'thank_you_post_any'),
			'thank_you_post_lock' => array(true, 'thank_you_post', 'thank_you_post', 'thank_you_post_any'),
			'thank_you_post_lock_all' => array(true, 'thank_you_post', 'thank_you_post', 'thank_you_post_any'),
			'thank_you_post_unlock_all' => array(false, 'thank_you_post', 'thank_you_post_any'),
			'thank_you_post_delete_mem' => array(true, 'thank_you_post', 'thank_you_post', 'thank_you_post_any'),
]]></add>
		</operation>
		<operation>
			<search position="replace"><![CDATA[
		'send_mail',
		'approve_posts',
]]></search>
			<add><![CDATA[
		'send_mail',
		'approve_posts',
		'thank_you_post_post',
		'thank_you_post_lock',
		'thank_you_post_delete',
		'thank_you_post_delete_mem',
		'thank_you_post_lock_all',
		'thank_you_post_unlock_all',
]]></add>
		</operation>
	</file>
	<!--ManageSettings.php-->
	<file name="$sourcedir/ManageSettings.php">
		<operation>
			<search position="replace"><![CDATA[
			array('text', 'karmaSmiteLabel'),
]]></search>
			<add><![CDATA[
			array('text', 'karmaSmiteLabel'),
		'',
			// Yes i think the option is usefull here, too
			array('check', 'thankYouPostIncraseKarmaGood'),
]]></add>
		</operation>
		<operation>
			<search position="replace"><![CDATA[
		$fields_no_registration = array('posts', 'warning_status');
]]></search>
			<add><![CDATA[
		$fields_no_registration = array('posts', 'warning_status');
		
		// Extent the Standard Fields for Thank-O-Matic
		if (!empty($modSettings['thankYouPostMemberList']))
		{
			$standard_fields[] = 'thank_you_post_became';
			$fields_no_registration[] = 'thank_you_post_became';
			$standard_fields[] = 'thank_you_post_made';
			$fields_no_registration[] = 'thank_you_post_made';
		}
]]></add>
		</operation>
		<operation>
			<search position="replace"><![CDATA[
	// What fields can't you put on the registration page?
	$context['fields_no_registration'] = array('posts', 'warning_status');
]]></search>
			<add><![CDATA[
	// What fields can't you put on the registration page?
	$context['fields_no_registration'] = array('posts', 'warning_status');
	
	// Extent the Standard Fields for Thank-O-Matic
	if (!empty($modSettings['thankYouPostMemberList']))
	{
		$standard_fields[] = 'thank_you_post_became';
		$context['fields_no_registration'][] = 'thank_you_post_became';
		$standard_fields[] = 'thank_you_post_made';
		$context['fields_no_registration'][] = 'thank_you_post_made';
	}
]]></add>
		</operation>
	</file>
	<!--Memberlist.php-->
	<file name="$sourcedir/Memberlist.php">
		<operation>
			<search position="replace"><![CDATA[
	$context['colspan'] = 0;
]]></search>
			<add><![CDATA[
	// Thank-O-Matic Extent the Memerlist with Addition Data
	if(!empty($modSettings['thankYouPostMemberList']))
	{
		$context['columns'] += array(
			'thank_you_post_became' => array(
				'label' => $txt['standard_profile_field_thank_you_post_became'],
				'width' => '120',
				'default_sort_rev' => true,
			),
			'thank_you_post_made' => array(
				'label' => $txt['standard_profile_field_thank_you_post_made'],
				'width' => '100',
				'default_sort_rev' => true,
			)
		);

		// Change the size as the user wish for ;).
		if(!empty($modSettings['thankYouPostMemberListSizeBecame']))
			$context['columns']['thank_you_post_became']['width'] = $modSettings['thankYouPostMemberListSizeBecame'];
		if(!empty($modSettings['thankYouPostMemberListSizeMade']))
			$context['columns']['thank_you_post_made']['width'] = $modSettings['thankYouPostMemberListSizeMade'];
	}

	$context['colspan'] = 0;
]]></add>
		</operation>
		<operation>
			<search position="replace"><![CDATA[
	foreach ($context['columns'] as $key => $column)
	{
]]></search>
			<add><![CDATA[
	// Thank-O-Matic do not output this fields :P if the modifcation is disabled :D
	if(empty($modSettings['thankYouPostMemberList']))
		$context['disabled_fields'] += array('thank_you_post_became' => 1, 'thank_you_post_made' => 1);
	else
	{
		if(!empty($modSettings['thankYouPostMemberListDisableBecame']))
			$context['disabled_fields'] += array('thank_you_post_became' => 1);
		if(!empty($modSettings['thankYouPostMemberListDisableMade']))
			$context['disabled_fields'] += array('thank_you_post_made' => 1);
	}

	foreach ($context['columns'] as $key => $column)
	{
]]></add>
		</operation>
		<operation>
			<search position="replace"><![CDATA[
	$limit = $_REQUEST['start'];
]]></search>
			<add><![CDATA[
	// Extent for the Thank-O-Matic the sorts :)
	if(!empty($modSettings['thankYouPostMemberList']))
	{
		$sort_methods += array(
			'thank_you_post_became' => array(
				'down' => 'mem.thank_you_post_became DESC',
				'up' => 'mem.thank_you_post_became ASC'
			),
			'thank_you_post_made' => array(
				'down' => 'mem.thank_you_post_made DESC',
				'up' => 'mem.thank_you_post_made ASC'
			)
		);
	}

	$limit = $_REQUEST['start'];
]]></add>
		</operation>
		<operation>
			<search position="replace"><![CDATA[
		$context['members'][$member]['registered_date'] = strftime('%Y-%m-%d', $context['members'][$member]['registered_timestamp']);
]]></search>
			<add><![CDATA[
		$context['members'][$member]['registered_date'] = strftime('%Y-%m-%d', $context['members'][$member]['registered_timestamp']);

		// Resort some Options for the output of the Thank-O-Matic
		if(!empty($modSettings['thankYouPostMemberList']))
		{
			$context['members'][$member]['thank_you_post_made'] = $memberContext[$member]['thank_you_post']['made'];
			$context['members'][$member]['thank_you_post_became'] = $memberContext[$member]['thank_you_post']['became'];
		}
]]></add>
		</operation>
	</file>

	<!--MoveTopic.php-->
	<file name="$sourcedir/MoveTopic.php">
		<operation>
<search position="replace"><![CDATA[
	$smcFunc['db_query']('', '
		UPDATE {db_prefix}calendar
		SET id_board = {int:id_board}
		WHERE id_topic IN ({array_int:topics})',
		array(
			'id_board' => $toBoard,
			'topics' => $topics,
		)
	);
]]></search>
			<add><![CDATA[
	$smcFunc['db_query']('', '
		UPDATE {db_prefix}calendar
		SET id_board = {int:id_board}
		WHERE id_topic IN ({array_int:topics})',
		array(
			'id_board' => $toBoard,
			'topics' => $topics,
		)
	);
	
	// Move the thank you's to the the new Board :)
	$smcFunc['db_query']('', '
		UPDATE {db_prefix}thank_you_post
		SET id_board = {int:id_board}
		WHERE id_topic IN ({array_int:topics})',
		array(
			'id_board' => $toBoard,
			'topics' => $topics,
		)
	);
]]></add>
		</operation>
	</file>
	
	<!--Profile-Modify.php-->
	<file name="$sourcedir/Profile-Modify.php">
		<operation>
			<search position="replace"><![CDATA[
	$disabled_fields = !empty($modSettings['disabled_profile_fields']) ? explode(',', $modSettings['disabled_profile_fields']) : array();
]]></search>
			<add><![CDATA[
	//LucasIntegration
	call_integration_hook('integrate_lucas_profile_modify', array(&$profile_fields));
	
	$disabled_fields = !empty($modSettings['disabled_profile_fields']) ? explode(',', $modSettings['disabled_profile_fields']) : array();
]]></add>
		</operation>
		<operation>
			<search position="replace"><![CDATA[
			'website_title', 'website_url',
]]></search>
			<add><![CDATA[
			'website_title', 'website_url',
			'thank_you_post_made',
]]></add>
		</operation>
	</file>
	<!--RemoveTopic.php.php-->
	<file name="$sourcedir/RemoveTopic.php">
		<operation>
			<search position="replace"><![CDATA[
				UPDATE {db_prefix}messages
				SET icon = {string:recycled}
]]></search>
			<add><![CDATA[
				UPDATE {db_prefix}messages
				SET icon = {string:recycled}
				, thank_you_post = IF(thank_you_post = 1, 2, thank_you_post)
]]></add>
		</operation>
		<operation>
			<search position="replace"><![CDATA[
			// Make sure this message isn't getting deleted later on.
]]></search>
			<add><![CDATA[
			// Okay the thank you must be moved to the recycler too ;)
			$smcFunc['db_query']('', '
				UPDATE {db_prefix}thank_you_post
				SET
					id_topic = {int:id_topic},
					id_board = {int:recycle_board}
				WHERE id_msg = {int:id_msg}',
				array(
					'id_topic' => $topicID,
					'recycle_board' => $modSettings['recycle_board'],
					'id_msg' => $message,
				)
			);
			
			// Make sure this message isn't getting deleted later on.
]]></add>
		</operation>
		<operation>
			<search position="replace"><![CDATA[
	// Delete anything related to the topic.
]]></search>
			<add><![CDATA[
	// Delete the Thank You Posts from this topics, before the message removed... i need the starter of the messages <<
	require_once($sourcedir . '/ThankYouPost.php');
	ThankYouPostRemoveTopics($topics);
	
	// Delete anything related to the topic.
]]></add>
		</operation>
	</file>
	<!--Securyty.php-->
	<file name="$sourcedir/Security.php">
		<operation>
			<search position="replace"><![CDATA[
			'move_any',
			'send_topic',
]]></search>
			<add><![CDATA[
			'move_any',
			'send_topic',
			'thank_you_post_post', 'thank_you_post_lock_own', 'thank_you_post_lock_any',
			'thank_you_post_delete_own', 'thank_you_post_delete_any',
			'thank_you_post_delete_mem_own', 'thank_you_post_delete_mem_any',
			'thank_you_post_lock_all_own', 'thank_you_post_lock_all_any',
			'thank_you_post_unlock_all',
]]></add>
		</operation>
	</file>
	<!--SplitTopics.php-->
	<file name="$sourcedir/SplitTopics.php">
		<operation>
			<search position="replace"><![CDATA[
	// Any associated reported posts better follow...
]]></search>
			<add><![CDATA[
	$smcFunc['db_query']('', '
		UPDATE {db_prefix}thank_you_post
		SET
			id_topic = {int:id_topic}
		WHERE id_msg IN ({array_int:split_msgs})',
		array(
			'split_msgs' => $splitMessages,
			'id_topic' => $split2_ID_TOPIC,
		)
	);
	
	// Any associated reported posts better follow...
]]></add>
		</operation>
		<operation>
			<search position="replace"><![CDATA[
	// Merge log topic entries.
]]></search>
			<add><![CDATA[
	// Change the Thank You post to the new board and topic ;D
	$smcFunc['db_query']('', '
		UPDATE {db_prefix}thank_you_post
		SET
			id_topic = {int:id_topic},
			id_board = {int:target_board}
		WHERE id_topic IN ({array_int:deleted_topics})',
		array(
			'deleted_topics' => $deleted_topics,
			'id_topic' => $id_topic,
			'target_board' => $target_board,
		)
	);

	// Merge log topic entries.
]]></add>
		</operation>
	</file>
	<!--Stats.php-->
	<file name="$sourcedir/Stats.php">
		<operation>
			<search position="replace"><![CDATA[
	// Cache the ones we found for a bit, just so we don't have to look again.
	if ($temp !== $temp2)
		cache_put_data('stats_total_time_members', $temp2, 480);
]]></search>
			<add><![CDATA[
	// Cache the ones we found for a bit, just so we don't have to look again.
	if ($temp !== $temp2)
		cache_put_data('stats_total_time_members', $temp2, 480);

	// Thank-O-Matic Stats Callculation
	if (!empty($modSettings['thankYouPostStatsEnabled']))
	{
		// Load chached data for Thank-O-Matic, should speed up the stats for big boards :)
		$temp_thankomatic = cache_get_data('stats_thank_o_matic_members', 360);

		// Load Top Thank-O-Matic Stats :)
		$request = $smcFunc['db_query']('', '
			SELECT id_member, real_name, thank_you_post_became, thank_you_post_made
			FROM {db_prefix}members as mem' . (!empty($temp_thankomatic) ? '
			WHERE id_member IN ({array_int:member_list_cached})' : '') . '
			ORDER BY thank_you_post_made DESC
			LIMIT {int:limit}',
			array(
				'limit' => 10,
				'member_list_cached' => $temp_thankomatic,
			)
		);
		$collectThxid_member = array();
		$context['top_ThankOMatic_Given'] = array();
		while ($row = $smcFunc['db_fetch_assoc']($request))
		{
			$context['top_ThankOMatic_Given'][] = array(
				'id' => $row['id_member'],
				'name' => $row['real_name'],
				'href' => $scripturl . '?action=profile;u='  . $row['id_member'],
				'link' => '<a href="'  . $scripturl . '?action=profile;u='  . $row['id_member'] . '" title="' . $txt['thank_you_post_thx_display'] .' ' . $txt['thank_you_post_made_display'] . '">'  . $row['real_name'] . '</a>',
				'thank_you_post_became' => $row['thank_you_post_became'],
				'thank_you_post_made' => $row['thank_you_post_made']
			);

			$collectThxid_member[$row['id_member']] = $row['id_member'];
		}
		$smcFunc['db_free_result']($request);

		$request = $smcFunc['db_query']('', '
			SELECT id_member, real_name, thank_you_post_became, thank_you_post_made
			FROM {db_prefix}members' . (!empty($temp_thankomatic) ? '
			WHERE id_member IN ({array_int:member_list_cached})' : '') . '
			ORDER BY thank_you_post_became DESC
			LIMIT {int:limit}',
			array(
				'limit' => 10,
				'member_list_cached' => $temp_thankomatic,
			)
		);
		$context['top_ThankOMatic_Receive'] = array();
		while ($row = $smcFunc['db_fetch_assoc']($request))
		{
			$context['top_ThankOMatic_Receive'][] = array(
				'id' => $row['id_member'],
				'name' => $row['real_name'],
				'href' => $scripturl . '?action=profile;u='  . $row['id_member'],
				'link' => '<a href="'  . $scripturl . '?action=profile;u='  . $row['id_member'] . '" title="' . $txt['thank_you_post_thx_display'] .' ' . $txt['thank_you_post_became_display'] . '">'  . $row['real_name'] . '</a>',
				'thank_you_post_became' => $row['thank_you_post_became'],
				'thank_you_post_made' => $row['thank_you_post_made']
			);

			$collectThxid_member[$row['id_member']] = $row['id_member'];
		}
		$smcFunc['db_free_result']($request);

		// Chache the data for the Thank-O-Matic stats
		if($temp_thankomatic != $collectThxid_member)
			cache_put_data('stats_thank_o_matic_members', $collectThxid_member, 480);

		// Okay Fix the colors for the Thank You Post :)
		if (!empty($collectThxid_member) && !empty($modSettings['thankYouPostColors']) && empty($modSettings['MemberColorStats']))
		{
			global $sourcedir, $color_profile;

			// Okay load the colors and add them :)
			require_once($sourcedir.'/ThankYouPost.php');
			thank_you_post_loadColors($collectThxid_member);

			// Hoho let's color it the thx color way :D
			if (!empty($context['top_ThankOMatic_Given']))
			{
				foreach ($context['top_ThankOMatic_Given'] as $key => $items)
				{
					// Okay Let's boogie woogie ;D
					$profile = $color_profile[$items['id']];
					if (!empty($profile['member_group_color']) || !empty($profile['post_group_color']))
						$context['top_ThankOMatic_Given'][$key]['link'] = '<a href="'  . $scripturl . '?action=profile;u='  . $profile['id_member'] . '" title="' . $txt['thank_you_post_thx_display'] .' ' . $txt['thank_you_post_made_display'] . '"><span style="color:'.(!empty($profile['member_group_color']) ? $profile['member_group_color'] : $profile['post_group_color']).';">'  . $profile['real_name'] . '</span></a>';
				}
			}
			if (!empty($context['top_ThankOMatic_Receive']))
			{
				foreach ($context['top_ThankOMatic_Receive'] as $key => $items)
				{
					// Okay Let's boogie woogie ;D
					$profile = $color_profile[$items['id']];
					if (!empty($profile['member_group_color']) || !empty($profile['post_group_color']))
						$context['top_ThankOMatic_Receive'][$key]['link'] = '<a href="'  . $scripturl . '?action=profile;u='  . $profile['id_member'] . '" title="' . $txt['thank_you_post_thx_display'] .' ' . $txt['thank_you_post_became_display'] . '"><span style="color:'.(!empty($profile['member_group_color']) ? $profile['member_group_color'] : $profile['post_group_color']).';">'  . $profile['real_name'] . '</span></a>';
				}
			}
		}
	}
]]></add>
		</operation>
	</file>
	<!--Subs.php-->
	<file name="$sourcedir/Subs.php">
		<operation>
			<search position="replace"><![CDATA[
		'notify_announcements', 'notify_send_body', 'notify_regularity', 'notify_types',
]]></search>
			<add><![CDATA[
		'thank_you_post_became', 'thank_you_post_made',
		'notify_announcements', 'notify_send_body', 'notify_regularity', 'notify_types',
]]></add>
		</operation>
		<operation>
			<search position="replace"><![CDATA[
		// Ensure posts, instant_messages, and unread_messages don't overflow or underflow.
]]></search>
			<add><![CDATA[
		// Ensure Thank-o_matic posts don't overflow or underflow.
		if (in_array($var, array('thank_you_post_became', 'thank_you_post_made')))
		{
			if (preg_match('~^'  . $var . ' (\+ |- |\+ -)([\d]+)~', $val, $match))
			{
				if ($match[1] != '+ ')
					$val = 'CASE WHEN '  . $var . ' <= ' . abs($match[2]) . ' THEN 0 ELSE '  . $val . ' END';
				$type = 'raw';
			}
		}
		
		// Ensure posts, instant_messages, and unread_messages don't overflow or underflow.
]]></add>
		</operation>
	</file>
	<!--Subs.Boards.php-->
	<file name="$sourcedir/Subs-Boards.php">
		<operation>
			<search position="replace"><![CDATA[
	// This setting is a little twisted in the database...
	if (isset($boardOptions['posts_count']))
	{
		$boardUpdates[] = 'count_posts = {int:count_posts}';
		$boardUpdateParameters['count_posts'] = $boardOptions['posts_count'] ? 0 : 1;
	}
]]></search>
			<add><![CDATA[
	// This setting is a little twisted in the database...
	if (isset($boardOptions['posts_count']))
	{
		$boardUpdates[] = 'count_posts = {int:count_posts}';
		$boardUpdateParameters['count_posts'] = $boardOptions['posts_count'] ? 0 : 1;
	}
	
		// So enable or disable the Thank You Post in a board :D...
	if (isset($boardOptions['thank_you_post_enable']))
	{
		$boardUpdates[] = 'thank_you_post_enable = {int:thank_you_post_enable}';
		$boardUpdateParameters['thank_you_post_enable'] = $boardOptions['thank_you_post_enable'] ? 0 : 1;
	}
]]></add>
		</operation>
		<operation>
			<search position="replace"><![CDATA[
		'posts_count' => true,
]]></search>
			<add><![CDATA[
		'posts_count' => true,
		'thank_you_post_enable' => false,
]]></add>
		</operation>
		<operation>
			<search position="replace"><![CDATA[
		'posts_count' => true,
]]></search>
			<add><![CDATA[
		'posts_count' => true,
		'thank_you_post_enable' => false,
]]></add>
		</operation>
		<operation>
			<search position="replace"><![CDATA[
	// Delete any message icons that only appear on these boards.
]]></search>
			<add><![CDATA[
	// Delete any Thank You Posts that only appear on these boards.
	$smcFunc['db_query']('', '
		DELETE FROM {db_prefix}thank_you_post
		WHERE id_board IN ({array_int:boards_to_remove})',
		array(
			'boards_to_remove' => $boards_to_remove,
		)
	);

	// Delete any message icons that only appear on these boards.
]]></add>
		</operation>
		<operation>
			<search position="replace"><![CDATA[b.board_order, b.count_posts, b.member_groups, b.id_theme, b.override_theme, b.id_profile,]]></search>
			<add><![CDATA[			b.board_order, b.count_posts, b.member_groups, b.id_theme, b.override_theme, b.id_profile, b.thank_you_post_enable,]]></add>
		</operation>
		<operation>
			<search position="replace"><![CDATA[
				'count_posts' => empty($row['count_posts']),
]]></search>
			<add><![CDATA[
				'count_posts' => empty($row['count_posts']),
				'thank_you_post_enable' => empty($row['thank_you_post_enable']),
]]></add>
		</operation>
	</file>
	<!--Display.template.php-->
	<file name="$themedir/Display.template.php">
		<operation>
			<search position="replace"><![CDATA[
	echo '
				<form action="', $scripturl, '?action=quickmod2;topic=', $context['current_topic'], '.', $context['start'], '" method="post" accept-charset="', $context['character_set'], '" name="quickModForm" id="quickModForm" style="margin: 0;" onsubmit="return oQuickModify.bInEditMode ? oQuickModify.modifySave(\'' . $context['session_id'] . '\', \'' . $context['session_var'] . '\') : false">';
]]></search>
			<add><![CDATA[
	// AJAX Style Thank You Post
	if (!empty($modSettings['thankYouPostAJAX']))
	{
		echo '
		<script language="JavaScript" type="text/javascript">
		var thank_you_ajax_url = smf_scripturl + \'?action=thankyouajax;topic=' . $context['current_topic'] . '\';

		function thankyou(msg_id) {
			// Follow the link if no ajax support...
			if (!window.XMLHttpRequest)
				return true;

			// Standard Variables
			var elementName = "ThankOMaticID" + msg_id;
			var elementButton = "buttonThxID" + msg_id;
			var elementLockButton = "thank_lock_button_" + msg_id;
			var elementDeleteButton = "thank_delete_button_" + msg_id;

			// Tell him that something loading :)
			ajax_indicator(true);

			// Remove the Thank You Button :)
			document.getElementById(elementButton).style.display = "none";
			document.getElementById(elementLockButton).style.display = "none";
			document.getElementById(elementDeleteButton).style.display = "none";

			var thank_you_ajax_thx = thank_you_ajax_url + ";sa=thx;msg=" + msg_id;
			var data = ThankYouLoadTextData(thank_you_ajax_thx, elementName, elementButton, elementDeleteButton, elementLockButton);

			return !data;
		}

		function ThankYouLoadTextData(url, elementName, elementButton, elementDeleteButton, elementLockButton) {
			if (!window.XMLHttpRequest)
				return false;

			request = new XMLHttpRequest();
			request.onreadystatechange = function() {
				if (request.readyState != 4)
					return;
				if (request.responseText != null && request.status == 200) {
					if (request.responseText.substr(0, 7) == "#ERROR#") {
						setInnerHTML(document.getElementById("Error" + elementName), request.responseText.substr(7));
						document.getElementById(elementName).style.display = "block";
						document.getElementById(elementButton).style.display = "inline";
						document.getElementById(elementLockButton).style.display = "none";
						document.getElementById(elementDeleteButton).style.display = "none";
						ajax_indicator(false);
					}
					else {
						document.getElementById(elementName).style.display = "block";
						setInnerHTML(document.getElementById(elementName), request.responseText);
						document.getElementById(elementButton).style.display = "none";
						document.getElementById(elementLockButton).style.display = "inline";
						document.getElementById(elementDeleteButton).style.display = "inline";
						ajax_indicator(false);
					}
					return false;
				}
				else {
					return true;
				}
			}
			// Load the Request!
			request.open("GET", url, true);
			request.send(null);
			return request;
		}
		</script>';
	}
	
	echo '
				<form action="', $scripturl, '?action=quickmod2;topic=', $context['current_topic'], '.', $context['start'], '" method="post" accept-charset="', $context['character_set'], '" name="quickModForm" id="quickModForm" style="margin: 0;" onsubmit="return oQuickModify.bInEditMode ? oQuickModify.modifySave(\'' . $context['session_id'] . '\', \'' . $context['session_var'] . '\') : false">';
]]></add>
		</operation>
		<operation>
			<search position="replace"><![CDATA[
			// Show avatars, images, etc.?
]]></search>
			<add><![CDATA[
			// Show some Thank-O-Matic Stats ;D
			if (!empty($modSettings['thankYouPostDisplayPage']) && (empty($modSettings['thankYouPostDisplayDisableBecame']) || empty($modSettings['thankYouPostDisplayDisableMade'])))
			{
				echo '
								<li>', $txt['thank_you_post_thx_display'], '</li>';
				// Disabled?
				if(empty($modSettings['thankYouPostDisplayDisableMade']))
					echo '
								<li>-', $txt['thank_you_post_made_display'], ': ', $message['member']['thank_you_post']['made'], '</li>';

				// Disabled?
				if(empty($modSettings['thankYouPostDisplayDisableBecame']))
					echo '
								<li>-', $txt['thank_you_post_became_display'], ': ', $message['member']['thank_you_post']['became'], '</li>';
			}

			// Show avatars, images, etc.?
]]></add>
		</operation>
		<operation>
			<search position="replace"><![CDATA[
		// Maybe we can approve it, maybe we should?
]]></search>
			<add><![CDATA[
		elseif (($message['thank_you_post']['post'] && !$message['thank_you_post']['locked']) || (($message['thank_you_post']['lock'] || $message['thank_you_post']['delete']) && $message['thank_you_post']['isThankYouPost']))
			echo '
								<ul class="reset smalltext quickbuttons">';
								
		// Maybe we can approve it, maybe we should?
]]></add>
		</operation>
		<operation>
			<search position="replace"><![CDATA[
		// Can we restore topics?
]]></search>
			<add><![CDATA[
		// Can do some Thank You Post things :)
		if ($message['thank_you_post']['post'] && !$message['thank_you_post']['locked'])
		{
			echo '
					<li class="thank_you_button"><span id="buttonThxID' . $message['id'] . '" style="display: inline;"><a id="buttonThxHrefID' . $message['id'] . '" href="', $scripturl, '?action=thankyou;topic=', $context['current_topic'], '.0;msg=', $message['id'], '"'.(!empty($modSettings['thankYouPostAJAX']) ? ' onclick="return thankyou(' . $message['id'] . ');"' : '').'>', $txt['thank_you_post_post_b'], '</a></span></li>';

			if(!empty($modSettings['thankYouPostAJAX']) && $context['browser']['is_ie']) {
			// I HATE INTERNET EXPLORER!!!!!!!!!!!!!!!!!!!!!!!
			echo '
				<script language="JavaScript" type="text/javascript">
					// Rewrite the url :x so that internet explorer can not follow it
					document.getElementById("buttonThxHrefID' . $message['id'] . '").href = "#msg=' . $message['id'] . '";
				</script>';
			}
		}
		
		// This is the Thank-O-Matic Lock Button with Ajax special Addon :D
		if ($message['thank_you_post']['lock'] && $message['thank_you_post']['isThankYouPost'])
			echo '
					<li class="', $message['thank_you_post']['locked'] ? 'thank_you_open_button' : 'thank_you_lock_button', '"><a href="', $scripturl, '?action=thankyoupostlock;topic=', $context['current_topic'], '.0;msg=', $message['id'], '">', $message['thank_you_post']['locked'] ? $txt['thank_you_post_open_b'] : $txt['thank_you_post_lock_b'], '</a></li>';
		elseif ($message['thank_you_post']['lock'] && !$message['thank_you_post']['isThankYouPost'] && !empty($modSettings['thankYouPostAJAX']) && empty($modSettings['thankYouPostAJAXModButtonsDisable']))
			echo '
					<li class="', $message['thank_you_post']['locked'] ? 'thank_you_open_button' : 'thank_you_lock_button', '" id="thank_lock_button_' . $message['id'] . '" style="display: none;"><a href="', $scripturl, '?action=thankyoupostlock;topic=', $context['current_topic'], '.0;msg=', $message['id'], '">', $message['thank_you_post']['locked'] ? $txt['thank_you_post_open_b'] : $txt['thank_you_post_lock_b'], '</a></li>';
		// This will prevent Java Script errors on most browser...
		elseif (!empty($modSettings['thankYouPostAJAX']) || !empty($modSettings['thankYouPostAJAXModButtonsDisable']))
			echo '
					<span id="thank_lock_button_' . $message['id'] . '" style="display: none;"></span>';
		
		// This is the Thank-O-Matic Delete Button with Ajax special Addon ;P
		if ($message['thank_you_post']['delete'] && $message['thank_you_post']['isThankYouPost'])
			echo '
					<li class="thank_you_delete_button"><a href="', $scripturl, '?action=thankyoupostdelete;topic=', $context['current_topic'], '.0;msg=', $message['id'], ';sesc=', $context['session_id'], '" onclick="return confirm(\'', $txt['remove_thank_you_post'], '?\');">', $txt['thank_you_post_delete_b'], '</a></li>';
		elseif ($message['thank_you_post']['delete'] && !$message['thank_you_post']['isThankYouPost'] && !empty($modSettings['thankYouPostAJAX']) && empty($modSettings['thankYouPostAJAXModButtonsDisable']))
			echo '
					<li class="thank_you_delete_button" id="thank_delete_button_' . $message['id'] . '" style="display: none;"><a href="', $scripturl, '?action=thankyoupostdelete;topic=', $context['current_topic'], '.0;msg=', $message['id'], ';sesc=', $context['session_id'], '" onclick="return confirm(\'', $txt['remove_thank_you_post'], '?\');">', $txt['thank_you_post_delete_b'], '</a></li>';
		// This will prevent Java Script errors on most browser...
		elseif (!empty($modSettings['thankYouPostAJAX']) || !empty($modSettings['thankYouPostAJAXModButtonsDisable']))
			echo '
					<span id="thank_delete_button_' . $message['id'] . '" style="display: none;"></span>';
								
		// Can we restore topics?
]]></add>
		</operation>
		<operation>
			<search position="replace"><![CDATA[
		if ($message['can_approve'] || $context['can_reply'] || $message['can_modify'] || $message['can_remove'] || $context['can_split'] || $context['can_restore_msg'])
			echo '
								</ul>';
]]></search>
			<add><![CDATA[
		if ($message['can_approve'] || $context['can_reply'] || $message['can_modify'] || $message['can_remove'] || $context['can_split'] || $context['can_restore_msg'])
			echo '
								</ul>';
								
		// Thank-O-Matic okay close the ul on sometimes :D 
		elseif (($message['thank_you_post']['post'] && !$message['thank_you_post']['locked']) || (($message['thank_you_post']['lock'] || $message['thank_you_post']['delete']) && $message['thank_you_post']['isThankYouPost']))
			echo '
								</ul>';
]]></add>
		</operation>
		<operation>
			<search position="after"><![CDATA[				<hr class="post_separator" />';]]></search>
			<add><![CDATA[
		';

		// Show the Thank You list or the link or.... nothing? XD
		echo '
							<div class="ThankOMatic ', $message['approved'] ? ($message['alternate'] == 0 ? 'windowbg' : 'windowbg2') : 'approvebg', '" style="display: '.($message['thank_you_post']['isThankYouPost'] ? 'block' : 'none').';" id="ThankOMaticID' . $message['id'] . '">
									<span class="error" id="ErrorThankOMaticID' . $message['id'] . '"></span>';
		// Output the Template for Thank-O-Matic (Normal found in the index.template.php)
		// It will fall back into a standard function, if this template_thank_you_post doesn't exists!
		if ($message['thank_you_post']['isThankYouPost'])
		{
			// Mistake? Function not loaded oO.
			if (empty($context['call_thank_you_post_func']))
				loadThankYouTemplateFunctions();

			// Call the correct function =D
			$context['call_thank_you_post_func']($message['thank_you_post'], $message['id']);
		}
		echo '
							</div>
]]></add>
		</operation>
		<operation>
			<search position="replace"><![CDATA[
	// Restore topic. eh?  No monkey business.
]]></search>
			<add><![CDATA[
	if($context['thank_you_post_unlock_all'])
		$mod_buttons[] = array('text' => 'thank_you_post_unlock_all', 'image' => 'thankyoulock2.png', 'lang' => true, 'url' => $scripturl . '?action=thankyoupostunlockall;topic='  . $context['current_topic'] . '.0');

	// Restore topic. eh?  No monkey business.
]]></add>
		</operation>
	</file>
	<!--$themedir/ManageBoards.template.php-->
	<file name="$themedir/ManageBoards.template.php">
		<operation>
			<search position="replace"><![CDATA[
	echo '
					<input type="hidden" name="rid" value="', $context['redirect_location'], '" />
]]></search>
			<add><![CDATA[
	echo '
					<div id="thank_o_matic_div">
						<dl class="settings">
							<dt>
								<strong>', $txt['mboards_thank_you_post_enable'], ':</strong><br />
								<span class="smalltext">', $txt['mboards_thank_you_post_enable_desc'], '</span><br />
							</dt>
							<dd>
								<input type="checkbox" name="thank_you_post_enable"', $context['board']['thank_you_post_enable'] ? ' checked="checked"' : '', ' class="input_check" />
							</dd>
						</dl>
					</div>';
	
	echo '
					<input type="hidden" name="rid" value="', $context['redirect_location'], '" />
]]></add>
		</operation>
	</file>
	<!--$themedir/Profile.template.php-->
	<file name="$themedir/Profile.template.php">
		<operation>
			<search position="replace"><![CDATA[
					<a href="', $scripturl, '?action=profile;area=showposts;u=', $context['id_member'], '">', $txt['showPosts'], '</a><br />
]]></search>
			<add><![CDATA[
					<a href="', $scripturl, '?action=profile;area=showposts;u=', $context['id_member'], '">', $txt['showPosts'], '</a><br />
					<a href="', $scripturl, '?action=profile;area=showThankYouPosts;u=', $context['id_member'], '">', $txt['thankyoutitle_show'], '</a><br />
]]></add>
		</operation>
		<operation>
			<search position="replace"><![CDATA[
	// Show the users signature.
	if ($context['signature_enabled'] && !empty($context['member']['signature']))
]]></search>
			<add><![CDATA[
	// Thank You Infomations :)
	echo '
			<dl class="noborder">
				<dt>', $txt['thankyoutitle'], ':</dt>
				<dt>', $txt['thankyoupostmade'], ':</dt>
				<dd>', $context['member']['thank_you_post']['made'], '</dd>
				<dt>', $txt['thankyoupostbecame'], ':</dt>
				<dd>', $context['member']['thank_you_post']['became'], '</dd>
			</dl>';

	// Show the users signature.
	if ($context['signature_enabled'] && !empty($context['member']['signature']))
]]></add>
		</operation>
		<operation>
			<search position="end" />
			<add><![CDATA[
// Callback for modifying Thank-O-Matic Stats ;D
function template_profile_thank_you_post_modify()
{
	global $context, $modSettings, $txt;

	// Admins are allowed to change the Thank-O-Matic Stats :D
		echo '
								<dt>
									<strong>', $txt['thankyoutitle'], ' ', $txt['thankyoupostmade'], ': </strong>
								</dt>
								<dd>
									<input type="text" name="thank_you_post_made" size="4" value="', $context['member']['thank_you_post']['made'], '" />
								</dd>
								<dt>
									<strong>', $txt['thankyoutitle'], ' ', $txt['thankyoupostbecame'], ': </strong>
								</dt>
								<dd>
									<input type="text" name="thank_you_post_became" size="4" value="', $context['member']['thank_you_post']['became'], '" />
								</dd>';
}
]]></add>
		</operation>
	</file><!--$themedir/Memberlist.template.php-->
	<file name="$themedir/Memberlist.template.php">
		<operation>
			<search position="replace"><![CDATA[
		echo '
				</tr>';
		}
]]></search>
			<add><![CDATA[
		// Thank-O-Matic show on Memberlist the Output
		if (!isset($context['disabled_fields']['thank_you_post_became']))
			echo '
			<td class="windowbg2">', $member['thank_you_post']['became'], '</td>';
		if (!isset($context['disabled_fields']['thank_you_post_made']))
			echo '
			<td class="windowbg2">', $member['thank_you_post']['made'], '</td>';

		echo '
				</tr>';
		}
]]></add>
		</operation>
	</file>
	<file name="$themedir/Stats.template.php">
		<operation>
			<search position="replace"><![CDATA[
		echo '
								<span>', $poster['time_online'], '</span>
							</dd>';
	}
]]></search>
			<add><![CDATA[
		echo '
								<span>', $poster['time_online'], '</span>
							</dd>';
	}

	// Thank-O-Matic Stats
	if (!empty($modSettings['thankYouPostStatsEnabled']))
	{
	echo '
						</dl>
						<div class="clear"></div>
					</div>
					<span class="botslice"><span></span></span>
				</div>
			</div>
		</div>
		<div class="flow_hidden">
			<div id="most_thank_you_receive">
				<h3 class="catbg"><span class="left"></span>
					<img src="', $settings['images_url'], '/buttons/thank_you_b.png" class="icon" alt="" /> ', $txt['thank_you_post_Top10Receive'], ' <span class="smalltext">(', $txt['thank_you_post_became_display'], ' / ', $txt['thank_you_post_made_display'], ')</span>
				</h3>
				<div class="windowbg">
					<span class="topslice"><span></span></span>
					<div class="content">
						<dl class="stats">';

		foreach ($context['top_ThankOMatic_Receive'] as $poster)
			echo '
							<dt>', $poster['link'], '</dt>
							<dd>', $poster['thank_you_post_became'], '/', $poster['thank_you_post_made'], '</dd>';

	echo '
						</dl>
						<div class="clear"></div>
					</div>
					<span class="botslice"><span></span></span>
				</div>
			</div>
			<div id="most_thank_you_given">
				<h3 class="catbg"><span class="left"></span>
					<img src="', $settings['images_url'], '/buttons/thank_you_b.png" class="icon" alt="" /> ', $txt['thank_you_post_Top10Given'], ' <span class="smalltext">(', $txt['thank_you_post_made_display'], ' / ', $txt['thank_you_post_became_display'], ')</span>
				</h3>
				<div class="windowbg2">
					<span class="topslice"><span></span></span>
					<div class="content">
						<dl class="stats">';

		foreach ($context['top_ThankOMatic_Given'] as $poster)
			echo '
							<dt>', $poster['link'], '</dt>
							<dd>', $poster['thank_you_post_made'], '/', $poster['thank_you_post_became'], '</dd>';
	}
]]></add>
		</operation>
	</file>
	<file name="$themedir/css/index.css">
		<operation>
			<search position="end" />
			<add><![CDATA[
/* This are the the Thank-O-Matic Buttons START */
ul.quickbuttons li.thank_you_button
{
	background: url(../images/buttons/thank_you_b.png) no-repeat;
}
ul.quickbuttons li.thank_you_open_button
{
	background: url(../images/buttons/thank_you_open.png) no-repeat;
}
ul.quickbuttons li.thank_you_lock_button
{
	background: url(../images/buttons/thank_you_lock.png) no-repeat;
}
ul.quickbuttons li.thank_you_delete_button
{
	background: url(../images/buttons/thank_you_delete.png) no-repeat;
}
/* This are the the Thank-O-Matic Buttons END */

/* Styles for the Thank-O-Matic sections.
------------------------------------------------- */
.ThankOMatic
{
	margin: 0.5em 0.5em 0.5em 0.5em;
	padding: 0.2em 0.2em 0.2em 0.2em; 
}

.ThankOMatic #thank_you_start_text
{
}

.ThankOMatic #thank_you_list
{
	font-family: arial, helvetica, sans-serif;
	padding-left: 0.5em;
	padding-top: 0.2em;
}

.ThankOMatic #thank_you_list_link
{
}

.ThankOMatic #thank_you_lock_text
{
	font-style: italic;
}

#most_thank_you_receive
{
	float:left;
	width: 49.5%;
}
#most_thank_you_given
{
	float: right;
	width: 49.5%;
}

.ThankOMatic 
{
	clear: both;
	margin: 0.2em 0 0.5em;
	padding: 0;
}

.poster_thank {
  min-height: 60px; 
  height: auto !important;
  padding-top: 5px;
  padding-bottom: 5px;
}

]]></add>
		</operation>
	</file>
</modification>