<?xml version="1.0"?>
<!DOCTYPE modification SYSTEM "http://www.simplemachines.org/xml/modification">
<modification xmlns="http://www.simplemachines.org/xml/modification" xmlns:smf="http://www.simplemachines.org/">
	<id>din1031:ThankOMatic</id>
	<version>3.0</version>
	<file name="$languagedir/Admin.english.php">
		<operation>
			<search position="after"><![CDATA[?>]]></search>
			<add><![CDATA[
//Thank-O-Matic
$txt['thankyouposttitle'] = 'Thank-O-Matic';
$txt['maintain_thxpost'] = 'Maintaince Thank-O-Matic';
$txt['maintain_thank_you_post_maintainaince'] = 'Maintaince';
$txt['maintain_thank_you_post_maintainaince_desc'] = 'Optimize Thank-O-Matic tables, Delete Thank You Posts of specific members.';
$txt['maintain_thank_you_post_recount'] = 'Stats Recount';
$txt['maintain_thank_you_post_recount_desc'] = 'Recalculate Thank-O-Matic Stats for all, thread based or member specific.';
$txt['maintain_thxpostrecount'] = 'Recalculate Thank-O-Matic stats';
$txt['maintain_thxpostrecount_info'] = 'Recalculate most of the Thank-O-Matic stats, and reset also manual changed values.';
$txt['maintain_thxpostrecount_member'] = 'Recalculate Thank-O-Matic Member stats';
$txt['maintain_thxpostrecount_member_info'] = 'Recalculate the Thank-O-Matic stats of one Member.';
$txt['maintain_thxpostrecount_member_value'] = 'Please insert the Member ID for recalculation here:';
$txt['maintain_thxpostrecount_topic'] = 'Recalculate Thank-O-Matic Topic stats';
$txt['maintain_thxpostrecount_topic_info'] = 'Recalculate the Thank-O-Matic stats of one Topic.';
$txt['maintain_thxpostrecount_topic_value'] = 'Please insert the Topic ID for recalculation here:';
$txt['maintain_thxpostrepair'] = 'Repair and optimize Thank-O-Matic tables';
$txt['maintain_thxpostrepair_info'] = 'Delete all not needed items, remove thank you posts of disabled board (or deleted boards).';
$txt['maintain_thank_you_optimize'] = 'Repair and optimize Thank-O-Matic Tables';
// Please don't forget to insert [MEMBER], this will insert the link to the member profile
$txt['maintain_thank_you_deleteMemberposts'] = 'Delete Thankyoupost of Member: [MEMBER]';
$txt['maintain_thank_you_recountAll'] = 'Recount All Thank-O-Matic Stats';
// Please don't forget to insert [MEMBER], this will insert the link to the member profile
$txt['maintain_thank_you_recountMember'] = 'Recount Topic Thank-O-Matic Stats for the Member: [MEMBER]';
// Please don't forget to insert [TOPIC], this will insert the link to the Topic
$txt['maintain_thank_you_recountTopic'] = 'Recount Topic Thank-O-Matic Stats for [TOPIC]';
]]></add>
		</operation>
	</file>
	<file name="$languagedir/index.english.php">
		<operation>
			<search position="after"><![CDATA[?>]]></search>
			<add><![CDATA[
//Thank You text for the Thread :)
$txt['thank_you_link_beforecounter'] = 'For this post,';
$txt['thank_you_link_members'] = 'members';
$txt['thank_you_link_member'] = 'member';
$txt['thank_you_link_aftercounter'] = 'gave a thank you!';
$txt['thank_you_link_aftercounters'] = 'gave a thank you!';
$txt['thank_you_is_locked'] = 'Thank You is locked';
$txt['thank_you_post_post_b'] = 'Thank You';
$txt['thank_you_post_delete_b'] = 'Delete Thank You';
$txt['thank_you_post_lock_b'] = 'Lock Thank You';
$txt['thank_you_post_open_b'] = 'Open Thank You';
$txt['thank_you_post_lock_all_b'] = 'Lock All Thank You';
$txt['thank_you_post_open_all_b'] = 'Open All Thank You';
$txt['remove_thank_you_post'] = 'Remove this Thank You';
$txt['followgiveathank'] = 'Follow members gave a thank to your post:';
$txt['thank_you_post_unlock_all'] = 'Unlock All Thank You Posts';
$txt['thankyoupostlist'] = 'Thank You Post List (Complete)';
$txt['thankyouposterrorinscript'] = 'Error in scirpt... somehow this should not happen!';
$txt['thank_you_post_thx_display'] = 'Thank You';
$txt['thank_you_post_made_display'] = 'Given';
$txt['thank_you_post_became_display'] = 'Receive';
$txt['standard_profile_field_thank_you_post_made'] = 'Given Thank You';
$txt['standard_profile_field_thank_you_post_became'] = 'Received Thank You';
]]></add>
		</operation>
	</file>
	<file name="$languagedir/ManageBoards.english.php">
		<operation>
			<search position="after"><![CDATA[?>]]></search>
			<add><![CDATA[
//Thank-O-Matic
$txt['mboards_thank_you_post_enable'] = 'Enable Thank-O-Matic';
$txt['mboards_thank_you_post_enable_desc'] = 'This option enable the "Thank You" option for posts on this board';
]]></add>
		</operation>
	</file>
	<file name="$languagedir/ManagePermissions.english.php">
		<operation>
			<search position="after"><![CDATA[?>]]></search>
			<add><![CDATA[
//Thank-O-Matic Premmisions ;)
$txt['permissiongroup_thank_you_post'] = 'Thank-O-Matic';
$txt['permissiongroup_simple_thank_you_post'] = 'Thank-O-Matic (Members Setting)';
$txt['permissiongroup_simple_thank_you_post_any'] = 'Thank-O-Matic (Moderate Any Thank You)';
$txt['permissionname_thank_you_post_show'] = 'Show Thank You Members of the Post';
$txt['permissionhelp_thank_you_post_show'] = 'Show the list who said thank you';
$txt['permissionname_thank_you_post_post'] = 'Give thank you to a post';
$txt['permissionhelp_thank_you_post_post'] = 'With this a user is allowed to add a thank you to each post in the allowed boards';
$txt['permissionname_thank_you_post_lock'] = 'Lock Thank You Post';
$txt['permissionhelp_thank_you_post_lock'] = 'Lock a "Thank You" so no one can make any new one.';
$txt['permissionname_thank_you_post_lock_own'] = 'Own Thank You';
$txt['permissionname_thank_you_post_lock_any'] = 'Any Thank You';
$txt['permissionname_thank_you_post_delete'] = 'Delete Thank You Post List';
$txt['permissionhelp_thank_you_post_delete'] = 'Deleting of Thank You Post list in the forum.';
$txt['permissionname_thank_you_post_delete_own'] = 'Own Thank You';
$txt['permissionname_thank_you_post_delete_any'] = 'Any Thank You';
$txt['permissionname_thank_you_post_delete_mem'] = 'Delete Thank You Post Member';
$txt['permissionhelp_thank_you_post_delete_mem'] = 'Deleting of a Poster in the Thank You Post list.';
$txt['permissionname_thank_you_post_delete_mem_own'] = 'Own Member';
$txt['permissionname_thank_you_post_delete_mem_any'] = 'Any Member';
$txt['permissionname_thank_you_post_lock_all'] = 'Lock/Unlock Thank You Thread';
$txt['permissionhelp_thank_you_post_lock_all'] = 'Lock/Unlock all "Thank You" options in the thread so no one can make any new one or start one.';
$txt['permissionname_thank_you_post_lock_all_own'] = 'Topic Owner';
$txt['permissionname_thank_you_post_lock_all_any'] = 'Any Topic';
$txt['permissionname_thank_you_post_unlock_all'] = 'Unlock all Posts of Thank You Thread';
$txt['permissionhelp_thank_you_post_unlock_all'] = 'Unlock all single "Thank You" Post, you can use this after a topic is moved from the junk yard back to the normal board, or for some other reasons ;)';
]]></add>
		</operation>
	</file>
	<file name="$languagedir/Errors.english.php">
		<operation>
			<search position="after"><![CDATA[?>]]></search>
			<add><![CDATA[
//Thank-O-Matic Premmisions Errors ;)
$txt['cannot_thank_you_post_show'] = "You're not allowed to see this Thank You List!";
$txt['cannot_thank_you_post_post'] = "You're not allowed to use Thank You Options!";
$txt['cannot_thank_you_post_lock_own'] = "You're not allowed to use Thank You Options!";
$txt['cannot_thank_you_post_lock_any'] = "You're not allowed to use Thank You Options!";
$txt['cannot_thank_you_post_delete_own'] = "You're not allowed to use Thank You Options!";
$txt['cannot_thank_you_post_delete_any'] = "You're not allowed to use Thank You Options!";
$txt['cannot_thank_you_post_delete_mem_own'] = "You're not allowed to use Thank You Options!";
$txt['cannot_thank_you_post_delete_mem_any'] = "You're not allowed to use Thank You Options!";
$txt['cannot_thank_you_post_lock_all_own'] = "You're not allowed to use Thank You Options!";
$txt['cannot_thank_you_post_lock_all_any'] = "You're not allowed to use Thank You Options!";
$txt['cannot_thank_you_post_unlock_all'] = "You're not allowed to use Thank You Options!";
]]></add>
		</operation>
	</file>
	<file name="$languagedir/ManageSettings.english.php">
		<operation>
			<search position="after"><![CDATA[?>]]></search>
			<add><![CDATA[
//Thank-O-Matic ModSettings ;)
$txt['thankyouposttitle'] = 'Thank-O-Matic';
$txt['thankYouPostColors'] = 'Enable colors for the members of the Thank You list';
$txt['thankYouPostPreview'] = 'Enable preview list under the post on the topic index';
$txt['thankYouPostPreviewHM'] = 'How many members should be shown in the given preview thank you list?';
$txt['thankYouPostPreviewHMPostInput'] = '(0 = all)';
$txt['thankYouPostPreviewOrder'] = 'The order of the given preview list';
$txt['thankYouPostPreviewOrderSelect'] = 'Earliest Thank You first|Latest Thank You first';
$txt['thankYouPostFullOrder'] = 'The order of the Full Thank You List';
$txt['thankYouPostFullOrderSelect'] = 'Earliest Thank You first|Latest Thank You first|Membernames';
$txt['thankYouPostHideExtraInfo'] = '<br /><span class="smalltext"><a href="http://mods.simplemachines.org/index.php?mod=118">(require Hide Tag Special of Adk Team)</a></span>';
//Pleast don't forget the .$txt['thankYouPostHideExtraInfo'] after the text!
$txt['thankYouPostUnhidePost'] = 'Unhide content of the post after posting "Thank You" to this post
<br /><span class="smalltext">This unhide only the post where the member give the thank you. If the user post normal it will unhide all</span>' . $txt['thankYouPostHideExtraInfo'];
$txt['thankYouPostThxUnhideAll'] = 'Given Thank You, unhide all hidden contents!
<br /><span class="smalltext">Unhide all content after posting one Thank You to any post (Automatic disable unhide option 1)</span>' . $txt['thankYouPostHideExtraInfo'];
$txt['thankYouPostDisableUnhide'] = 'Disable the option unhide content after real posting, only thank you can unhide it!
<br /><span class="smalltext">You must give a thank you to unhide the content. Depend on Option 1/2 how many post will be unhide</span>' . $txt['thankYouPostHideExtraInfo'];
$txt['thankYouPostDisplayPage'] = 'Show Thank You given and receive under the avatar on the topic display';
$txt['thankYouPostStatsEnabled'] = 'Enable Top Ten Thank You recive and given on stat page';
$txt['thankYouPostIncraseKarmaGood'] = 'Add 1 Point to the user Karma, if someone give a thank you to the post';
$txt['thankYouPostAJAX'] = 'Enable AJAX (Inline) Thank You';
$txt['thankYouPostAJAXModButtonsDisable'] = 'Disable Mod Buttons after AJAX (Inline) Thank You.';
$txt['thankYouPostModerationLog'] = 'Enable Thank-O-Matic moderation log inserts';
$txt['thankYouPostSpamProtection'] = 'Thank You spam protection';
$txt['thankYouPostSpamProtectionPostInput'] = '(0 = disable, Time in seconds)';
$txt['thank_you_post_show'] = 'Permission to show thank you list of the post';
$txt['thank_you_post_post'] = 'Permission to give a thank you for the post';
$txt['thank_you_post_select_boards'] = 'Select Boards to enable Thank-O-Matic';
$txt['thankYouPostType'] = 'Thank-O-Matic Type';
$txt['thankYouPostTypeSelect'] = 'One Thank You per Thread|Multiple Thank You per Thread|Only first post';
$txt['thankYouPostMemberList'] = 'Show Thank You given and receive on member list';
$txt['thankYouPostMemberListDisableBecame'] = 'Disable Thank You Receive information';
$txt['thankYouPostMemberListSizeBecame'] = 'Column size of the Thank You Receive information';
$txt['thankYouPostMemberListDisableMade'] = 'Disable Thank You Given information';
$txt['thankYouPostMemberListSizeMade'] = 'Column size of the Thank You Given information';
$txt['thankYouPostMemberListStandardSize'] = '(0 = Standard preselected size)';
$txt['thankYouPostDisplayDisableBecame'] = 'Disable Thank You receive information on Topic Display';
$txt['thankYouPostDisplayDisableMade'] = 'Disable Thank You given information on Topic Display';
$txt['thankYouPostCounterOutput'] = 'Thank You Counter Link';
$txt['thankYouPostCounterOutputSelect'] = 'Link|Text only|Remove';
$txt['thankYouPostStartOutput'] = 'Starttext of the Thank-O-Matic List';
$txt['thankYouPostStartOutputSelect'] = 'Standard Text|Alternativ Text|Alternativ txt Variable|Remove';
$txt['thankYouPostStartOutputText'] = 'Alternativ Text or Variable.<br /><span class="smalltext">Alternativtext is BBC parsed, Alternativ variable is $txt[the variable you would insert]</span>.';
]]></add>
		</operation>
	</file>
	<file name="$languagedir/Profile.english.php">
		<operation>
			<search position="after"><![CDATA[?>]]></search>
			<add><![CDATA[
//Thank-O-Matic - Profile Page
$txt['thankyoutitle'] = 'Thank You Posts';
$txt['thankyoutitle_show'] = 'Show Thank You Posts';
$txt['thankyou_messages_given'] = 'Messages (Given)';
$txt['thankyou_topics_given'] = 'Topics (Given)';
$txt['thankyou_messages_become'] = 'Messages (Become)';
$txt['thankyou_topics_become'] = 'Topcis (Become)';
$txt['thankyou_messages_given_desc'] = 'Show post that are related to the Thank-O-Matic. It will show the <em>messages</em> where you <em>give</em> a Thank You to an other users.';
$txt['thankyou_topics_given_desc'] = 'Show post that are related to the Thank-O-Matic. It will show the <em>topics</em> where you <em>give</em> a Thank You to an other users. (Related to the first post.)';
$txt['thankyou_messages_become_desc'] = 'Show post that are related to the Thank-O-Matic. It will show the <em>messages</em> where you <em>become</em> a Thank You from an other users.';
$txt['thankyou_topics_become_desc'] = 'Show post that are related to the Thank-O-Matic. It will show the <em>topcis</em> where you <em>become</em> a Thank You from an other users. (Related to the first post.)';
$txt['thankyou_view_messages_given'] = 'View Member Post (Given)';
$txt['thankyou_view_topics_given'] = 'View Member Topics (Given)';
$txt['thankyou_view_messages_become'] = 'View Member Messages (Become)';
$txt['thankyou_view_topics_become'] = 'View Member Topcis (Become)';
$txt['thankyoutitle_help'] = 'Show post that are related to the Thank-O-Matic';
$txt['thankyoupostmade'] = 'Thanks given by you';
$txt['thankyoupostbecame'] = 'Thanks taken by you';
]]></add>
		</operation>
	</file>
	<file name="$languagedir/Stats.english.php">
		<operation>
			<search position="after"><![CDATA[?>]]></search>
			<add><![CDATA[
//Thank-O-Matic Stats =D
$txt['thank_you_post_Top10Receive'] = 'Top 10 Thank You Receive';
$txt['thank_you_post_Top10Given'] = 'Top 10 Thank You Given';
]]></add>
		</operation>
	</file>
	<file name="$languagedir/Modifications.english.php">
		<operation>
			<search position="after"><![CDATA[?>]]></search>
			<add><![CDATA[
// Thank-O-Matic Inserts, i will not use any extra file any more *g*
// Error Messages:
$txt['NMidTopicSet'] = 'No Message ID or Topic ID set!';
// The [SECONDS] oupt the current setup time of the seconds.
$txt['thx_spamprotectionactive'] = 'Please wait [SECONDS] seconds to post a thank you.';
// The [TIME] put out the time the thx was made.
$txt['allready_postet_thx'] = 'You have already posted a thanks to this post at [TIME]';
$txt['allready_postetTopic_thx'] = 'You have already posted a thanks to this topic at [TIME]';
$txt['WMidTopicSet'] = 'Wrong Topic or Messageid!';
$txt['Thxtomyself'] = 'You can\'t say Thank You to yourself!';
$txt['thxislocked'] = 'Thank you is locked, and so you are not allowed to post a Thank You';
$txt['thxislockednor'] = 'No premission to change the lock status of the Thank You!';
$txt['notathankyoupost'] = 'This is not a post with a Thank You !';
$txt['thxdeletenor'] = 'No premission to delete the Thank You from this post!';
$txt['thxdeletenormem'] = 'No premission to delete this member from this Thank You!';
$txt['remove_thank_you_post_mem'] = 'Delete this member from the Thank You Post';
$txt['thxidnotfound'] = 'ID for this Thank You is not found!';
$txt['thxajaxnotenabled'] = 'AJAX System Disabled!';
$txt['thxajaxnotallowed'] = 'This Sub Action is not supported by the AJAX Style!';
$txt['thxajaxnotallowedtoview'] = 'Not allowed to view the Thank You List!';
$txt['onlyFirstPost_thx'] = 'You can only post to the first post of the topic a thank you!';

// Admin Setup Related Things for Thank-O-Matic
$txt['thxmodification'] = 'Modifcation Related';
$txt['thx_gernalSettingsDesc'] = 'General settings for the Thank-O-Matic (If you liked the mod, you might consider helping by making a small donation <a href="mailto:donate@smfpersonal.net">donate@smfpersonal.net</a>).';
$txt['thx_layoutSettingsDesc'] = 'This are layout and theme specific settings, some of them will work only work if the Theme have all the changes.';
$txt['thx_permissionSettingsDesc'] = 'Some important permissions settings so that the mod can work for all user (You can find more Settings inside the Members Permissions)';
$txt['thx_boradSettingsDesc'] = 'Possible Boards for the Thank-O-Matic.';
$txt['thx_modifciationSettingsDesc'] = 'Modrelated Settings for this other modifcations are needed to make it possibel to work with them.';
]]></add>
		</operation>
	</file>
</modification>

