<?xml version="1.0"?>
<!DOCTYPE modification SYSTEM "http://www.simplemachines.org/xml/modification">
<!-- - - - - - - - - - - - - - - - - - - - - - - - - - - - - - - - - - - - - - -
	Package manifest file for Add Social Media Icons To Profiles

	Author - hcfwesker (http://www.simplemachines.org/community/index.php?action=profile;u=244295)
	License - http://creativecommons.org/licenses/by-sa/3.0/ CC BY-SA 3.0
	
	Version - 1.0.4
 - - - - - - - - - - - - - - - - - - - - - - - - - - - - - - - - - - - - - - -->

<modification xmlns="http://www.simplemachines.org/xml/modification" xmlns:smf="http://www.simplemachines.org/">
	<id>hcfwesker:ASMITP</id>
	<version>1.0.4</version>
	
	<file name="$sourcedir/ManageSettings.php">
	
		<operation>
			<search position="replace"><![CDATA['location', 'gender', 'website', 'posts', 'warning_status');
	// What fields can't you put on the registration page?]]></search>
			<add><![CDATA['facebook', 'myspace', 'twitter', 'googleplus', 'youtube', 'deviantart', 'location', 'gender', 'website', 'posts', 'warning_status');
	// What fields can't you put on the registration page?]]></add>
		</operation>
		
		<operation>
			<search position="replace"><![CDATA['location', 'gender', 'website', 'posts', 'warning_status');
		$fields_no_registration = array('posts', 'warning_status');]]></search>
			<add><![CDATA['facebook', 'myspace', 'twitter', 'googleplus', 'youtube', 'deviantart', 'location', 'gender', 'website', 'posts', 'warning_status');
		$fields_no_registration = array('posts', 'warning_status');]]></add>
		</operation>		
		
	</file>
		
	<file name="$sourcedir/Register.php">
	
		<operation>
			<search position="replace"><![CDATA['yim',]]></search>
			<add><![CDATA['yim', 'facebook', 'myspace', 'twitter', 'googleplus', 'youtube', 'deviantart',]]></add>
		</operation>
		
	</file>	
	
</modification>