<?xml version="1.0"?>
<!DOCTYPE package-info SYSTEM "http://www.simplemachines.org/xml/package-info">
<package-info xmlns="http://www.simplemachines.org/xml/package-info" xmlns:smf="http://www.simplemachines.org/">
	<name>Quick Moderation on Quick Reply</name>
	<id>NIBOGO:mod_on_quick_reply</id>
	<type>modification</type>
	<version>1.1.2</version>
    <install for="2.0 - 2.99.99, 2.0 RC2, 2.0 RC3">
	    <readme type="file" parsebbc="true">readme.txt</readme> 
		<modification>smf-2.x.xml</modification>
	</install>
	<uninstall for="2.0 - 2.99.99, 2.0 RC2, 2.0 RC3">
		<modification reverse="true">smf-2.x.xml</modification>	
	</uninstall>
	<install for="1.1 - 1.1.99">
	    <readme type="file" parsebbc="true">readme.txt</readme> 
		<modification>smf-1.x.xml</modification>
	</install>
	<uninstall for="1.1 - 1.1.99">
		<modification reverse="true">smf-1.x.xml</modification>
	</uninstall>
</package-info>
