﻿<?xml version="1.0"?>
<!DOCTYPE modification SYSTEM "http://www.simplemachines.org/xml/modification">
<modification xmlns="http://www.simplemachines.org/xml/modification" xmlns:smf="http://www.simplemachines.org/">
	<name>Quick Moderation on Quick Reply</name>
	<id>NIBOGO:mod_on_quick_reply</id>
	<version>1.1.2</version>
	<homepage>http://www.mundo-se.com</homepage>
	<file name="$themedir/Display.template.php">
		<operation>
			<search position="replace"><![CDATA[// Guests just need more.]]></search>
			<add><![CDATA[if ($context['can_lock'])
			                    echo'<input type="checkbox" name="lock" value="',(empty($context['is_locked'])) ? '1' : '0','" /> ',(empty($context['is_locked'])) ? $txt['set_lock'] : $txt['set_unlock'] ,'';
			                    if ($context['can_sticky'])
			                    echo'&nbsp;&nbsp;<input type="checkbox" name="sticky" value="',(empty($context['is_sticky'])) ? '1' : '0','" /> ',(empty($context['is_sticky'])) ? $txt['set_sticky'] : $txt['set_nonsticky'] ,'';

			// Guests just need more.]]></add>
	</operation>
</file>
</modification>
