<?xml version="1.0"?>
<!DOCTYPE package-info SYSTEM "http://www.simplemachines.org/xml/package-info">
<package-info xmlns="http://www.simplemachines.org/xml/package-info" xmlns:smf="http://www.simplemachines.org/">
	<id>Bugo:QuickSpoiler</id>
	<name>Quick Spoiler</name>
	<version>0.9.1</version>
	<type>modification</type>
	
	<install for="2.0 - 2.0.99">
		<readme parsebbc="true" lang="russian-utf8">readme/russian-utf8.txt</readme>
		<readme parsebbc="true" lang="russian">readme/russian.txt</readme>
		<readme parsebbc="true">readme/readme.txt</readme>
		<require-file name="core/Subs-QuickSpoiler.php" destination="$sourcedir" />
		<require-dir name="default/languages" destination="$themedir" />
		<require-dir name="default/css" destination="$themedir" />
		<require-dir name="default/images" destination="$themedir" />
		<code>hooks.php</code>
		<redirect url="?action=admin;area=modsettings;sa=general" timeout="1000" />
	</install>
	
	<uninstall for="2.0 - 2.0.99">
		<code>hooks.php</code>
		<remove-file name="$sourcedir/Subs-QuickSpoiler.php" />
		<remove-file name="$themedir/css/spoiler.css" />
		<remove-file name="$languagedir/QuickSpoiler.english.php" />
		<remove-file name="$languagedir/QuickSpoiler.english-utf8.php" />
		<remove-file name="$languagedir/QuickSpoiler.russian.php" />
		<remove-file name="$languagedir/QuickSpoiler.russian-utf8.php" />
		<remove-file name="$themedir/images/bbc/spoiler.gif" />
		<remove-dir name="$themedir/images/spoiler" />
		<redirect url="?action=admin;area=packages;sa=browse" timeout="1000" />
	</uninstall>
	
</package-info>