<?xml version="1.0"?>
<!DOCTYPE modification SYSTEM "http://www.simplemachines.org/xml/modification">
<!-- - - - - - - - - - - - - - - - - - - - - - - - - - - - - - - - - - - - - - -
	Package manifest file for Add Social Media Icons To Profiles

	Author - hcfwesker (http://www.simplemachines.org/community/index.php?action=profile;u=244295)
	License - http://creativecommons.org/licenses/by-sa/3.0/ CC BY-SA 3.0
	
	Version - 1.0.4
 - - - - - - - - - - - - - - - - - - - - - - - - - - - - - - - - - - - - - - -->

<modification xmlns="http://www.simplemachines.org/xml/modification" xmlns:smf="http://www.simplemachines.org/">
	<id>hcfwesker:ASMITP</id>
	<version>1.0.4</version>
	
	<file name="$sourcedir/Load.php">
	
		<operation>
			<search position="before"><![CDATA[		'msn' => $profile['msn'] !='' && (empty($modSettings['guest_hideContacts']) || !$user_info['is_guest']) ? array(
			'name' => $profile['msn'],
			'href' => 'http://members.msn.com/' . $profile['msn'],
			'link' => '<a class="msn new_win" href="http://members.msn.com/' . $profile['msn'] . '" title="' . $txt['msn_title'] . ' - ' . $profile['msn'] . '"><img src="' . $settings['images_url'] . '/msntalk.gif" alt="' . $txt['msn_title'] . ' - ' . $profile['msn'] . '" /></a>',
			'link_text' => '<a class="msn new_win" href="http://members.msn.com/' . $profile['msn'] . '" title="' . $txt['msn_title'] . ' - ' . $profile['msn'] . '">' . $profile['msn'] . '</a>'
		) : array('name' => '', 'href' => '', 'link' => '', 'link_text' => ''),]]></search>
			<add><![CDATA[
		'facebook' => $profile['facebook'] !='' && (empty($modSettings['guest_hideContacts']) || !$user_info['is_guest']) ? array(
			'name' => $profile['facebook'],
			'href' => 'http://www.facebook.com/'.$profile['facebook'],
			'link' => '<a href="http://www.facebook.com/' . $profile['facebook'] . '" target="_blank" title="' . $txt['smi_facebook_title'] . ' - ' . $profile['facebook'] . '"><img src="' . $settings['images_url'] . '/smifacebook.png" alt="Facebook" border="0" /></a>',
			'link_text' => '<a href="http://www.facebook.com/' . $profile['facebook'] . '" target="_blank" title="' . $txt['smi_facebook_title'] . ' - ' . $profile['facebook'] . '">' . $profile['facebook'] . '</a>'
		) : array('name' => '', 'href' => '', 'link' => '', 'link_text' => ''),		
		'myspace' => $profile['myspace'] !='' && (empty($modSettings['guest_hideContacts']) || !$user_info['is_guest']) ? array(
			'name' => $profile['myspace'],
			'href' => 'http://www.myspace.com/'.$profile['myspace'],
			'link' => '<a href="http://www.myspace.com/' . $profile['myspace'] . '" target="_blank" title="' . $txt['smi_myspace_title'] . ' - ' . $profile['myspace'] . '"><img src="' . $settings['images_url'] . '/smimyspace.png" alt="My Space" border="0" /></a>',
			'link_text' => '<a href="http://www.myspace.com/' . $profile['myspace'] . '" target="_blank" title="' . $txt['smi_myspace_title'] . ' - ' . $profile['myspace'] . '">' . $profile['myspace'] . '</a>'
		) : array('name' => '', 'href' => '', 'link' => '', 'link_text' => ''),
		'twitter' => $profile['twitter'] !='' && (empty($modSettings['guest_hideContacts']) || !$user_info['is_guest']) ? array(
			'name' => $profile['twitter'],
			'href' => 'http://www.twitter.com/'.$profile['twitter'],
			'link' => '<a href="http://www.twitter.com/' . $profile['twitter'] . '" target="_blank" title="' . $txt['smi_twitter_title'] . ' - ' . $profile['twitter'] . '"><img src="' . $settings['images_url'] . '/smitwitter.png" alt="Twitter" border="0" /></a>',
			'link_text' => '<a href="http://www.twitter.com/' . $profile['twitter'] . '" target="_blank" title="' . $txt['smi_twitter_title'] . ' - ' . $profile['twitter'] . '">' . $profile['twitter'] . '</a>'
		) : array('name' => '', 'href' => '', 'link' => '', 'link_text' => ''),
		'googleplus' => $profile['googleplus'] !='' && (empty($modSettings['guest_hideContacts']) || !$user_info['is_guest']) ? array(
			'name' => $profile['googleplus'],
			'href' => 'http://www.googleplus.com/'.$profile['googleplus'],
			'link' => '<a href="https://plus.google.com/' . $profile['googleplus'] . '" target="_blank" title="' . $txt['smi_googleplus_title'] . ' - ' . $profile['googleplus'] . '"><img src="' . $settings['images_url'] . '/smigoogleplus.png" alt="Google+" border="0" /></a>',
			'link_text' => '<a href="https://plus.google.com/' . $profile['googleplus'] . '" target="_blank" title="' . $txt['smi_googleplus_title'] . ' - ' . $profile['googleplus'] . '">' . $profile['googleplus'] . '</a>'
		) : array('name' => '', 'href' => '', 'link' => '', 'link_text' => ''),
		'youtube' => $profile['youtube'] !='' && (empty($modSettings['guest_hideContacts']) || !$user_info['is_guest']) ? array(
			'name' => $profile['youtube'],
			'href' => 'http://www.youtube.com/'.$profile['youtube'],
			'link' => '<a href="http://www.youtube.com/' . $profile['youtube'] . '" target="_blank" title="' . $txt['smi_youtube_title'] . ' - ' . $profile['youtube'] . '"><img src="' . $settings['images_url'] . '/smiyoutube.png" alt="Youtube" border="0" /></a>',
			'link_text' => '<a href="http://www.youtube.com/' . $profile['youtube'] . '" target="_blank" title="' . $txt['smi_youtube_title'] . ' - ' . $profile['youtube'] . '">' . $profile['youtube'] . '</a>'
		) : array('name' => '', 'href' => '', 'link' => '', 'link_text' => ''),
		'deviantart' => $profile['deviantart'] !='' && (empty($modSettings['guest_hideContacts']) || !$user_info['is_guest']) ? array(
			'name' => $profile['deviantart'],
			'href' => 'http://' . $profile['deviantart'] . '.deviantart.com',
			'link' => '<a href="http://' . $profile['deviantart'] . '.deviantart.com/" target="_blank" title="' . $txt['smi_deviantart_title'] . ' - ' . $profile['deviantart'] . '"><img src="' . $settings['images_url'] . '/smideviantart.png" alt="DeviantArt" border="0" /></a>',
			'link_text' => '<a href="http://' . $profile['deviantart'] . '.deviantart.com/" target="_blank" title="' . $txt['smi_deviantart_title'] . ' - ' . $profile['deviantart'] . '">' . $profile['deviantart'] . '</a>'
		) : array('name' => '', 'href' => '', 'link' => '', 'link_text' => ''),]]></add>
		</operation>
		
		<operation>
			<search position="replace"><![CDATA[mem.birthdate, mem.member_ip, mem.member_ip2, mem.icq, mem.aim, mem.yim, mem.msn, mem.posts, mem.last_login,]]></search>
			<add><![CDATA[mem.myspace AS myspace, mem.facebook, mem.twitter, mem.youtube, mem.deviantart, mem.googleplus, mem.birthdate, mem.member_ip, mem.member_ip2, mem.icq, mem.aim, mem.yim, mem.msn, mem.posts, mem.last_login,]]></add>
		</operation>
		
		<operation>
			<search position="replace"><![CDATA[mem.birthdate, mem.icq, mem.aim, mem.yim, mem.msn, mem.posts, mem.last_login, mem.karma_good,]]></search>
			<add><![CDATA[mem.myspace AS myspace, mem.facebook, mem.twitter, mem.youtube, mem.deviantart, mem.googleplus, mem.birthdate, mem.icq, mem.aim, mem.yim, mem.msn, mem.posts, mem.last_login, mem.karma_good,]]></add>
		</operation>
		
		<operation>
			<search position="replace"><![CDATA['icq', 'msn', 'aim', 'yim']]></search>
			<add><![CDATA['icq', 'msn', 'aim', 'yim', 'facebook', 'myspace', 'twitter', 'googleplus', 'youtube', 'deviantart']]></add>
		</operation>		
		
	</file>	
	
	<file name="$sourcedir/ManageSettings.php">
	
		<operation>
			<search position="replace"><![CDATA['location', 'gender', 'website', 'posts', 'warning_status');
	// What fields can't you put on the registration page?]]></search>
			<add><![CDATA['facebook', 'myspace', 'twitter', 'googleplus', 'youtube', 'deviantart', 'location', 'gender', 'website', 'posts', 'warning_status');
	// What fields can't you put on the registration page?]]></add>
		</operation>
		
		<operation>
			<search position="replace"><![CDATA['location', 'gender', 'website', 'posts', 'warning_status');
		$fields_no_registration = array('posts', 'warning_status');]]></search>
			<add><![CDATA['facebook', 'myspace', 'twitter', 'googleplus', 'youtube', 'deviantart', 'location', 'gender', 'website', 'posts', 'warning_status');
		$fields_no_registration = array('posts', 'warning_status');]]></add>
		</operation>		
		
	</file>
		
	<file name="$sourcedir/Profile-Modify.php">
		
		<operation> 	
			<search position="before"><![CDATA[		'yim' => array(
			'type' => 'text',
			'label' => $txt['yim'],
			'subtext' => $txt['your_yim'],
			'size' => 24,
			'input_attr' => array('maxlength="32"'),
			'permission' => 'profile_extra',
		),]]></search>
			<add><![CDATA[
		'facebook' => array(
			'type' => 'text',
			'label' => $txt['smi_facebook_title'],
			'subtext' => $txt['smi_facebook_desc'],
			'size' => 24,
			'input_attr' => array('maxlength="32"'),
			'permission' => 'profile_extra',
		),
		'myspace' => array(
			'type' => 'text',
			'label' => $txt['smi_myspace_title'],
			'subtext' => $txt['smi_myspace_desc'],
			'size' => 24,
			'input_attr' => array('maxlength="32"'),
			'permission' => 'profile_extra',
		),
		'twitter' => array(
			'type' => 'text',
			'label' => $txt['smi_twitter_title'],
			'subtext' => $txt['smi_twitter_desc'],
			'size' => 24,
			'input_attr' => array('maxlength="32"'),
			'permission' => 'profile_extra',
		),
		'googleplus' => array(
			'type' => 'text',
			'label' => $txt['smi_googleplus_title'],
			'subtext' => $txt['smi_googleplus_desc'],
			'size' => 24,
			'input_attr' => array('maxlength="32"'),
			'permission' => 'profile_extra',
		),
		'youtube' => array(
			'type' => 'text',
			'label' => $txt['smi_youtube_title'],
			'subtext' => $txt['smi_youtube_desc'],
			'size' => 24,
			'input_attr' => array('maxlength="32"'),
			'permission' => 'profile_extra',
		),
		'deviantart' => array(
			'type' => 'text',
			'label' => $txt['smi_deviantart_title'],
			'subtext' => $txt['smi_deviantart_desc'],
			'size' => 24,
			'input_attr' => array('maxlength="32"'),
			'permission' => 'profile_extra',
		),]]></add>
		</operation>
			
		<operation> 	
			<search position="replace"><![CDATA['yim', 'hr',]]></search>
			<add><![CDATA['yim', 'facebook', 'myspace', 'twitter', 'googleplus', 'youtube', 'deviantart', 'hr',]]></add>
		</operation>
		
	</file>	
	
	<file name="$sourcedir/Register.php">
	
		<operation>
			<search position="replace"><![CDATA['yim',]]></search>
			<add><![CDATA['yim', 'facebook', 'myspace', 'twitter', 'googleplus', 'youtube', 'deviantart',]]></add>
		</operation>
		
	</file>	
		
		
	<file name="$sourcedir/Subs-Members.php">
		
		<operation>
			<search position="before"><![CDATA[		'icq' => '',]]></search>
			<add><![CDATA[
		'facebook' => '',
		'myspace' => '',
		'twitter' => '',
		'googleplus' => '',
		'youtube' => '',
		'deviantart' => '',]]></add>
		</operation>
		
		<operation>
			<search position="before"><![CDATA[mem.id_member, mem.member_name, mem.real_name, mem.email_address,]]></search>
			<add><![CDATA[ mem.myspace AS myspace, mem.facebook, mem.twitter, mem.googleplus, mem.youtube, mem.deviantart,]]></add>
		</operation>
		
	</file>
		
	<file name="$themedir/Buddies.template.php" error="skip">
		
		<operation>
			<search position="after"><![CDATA[				<th></th>
				<th></th>
				<th></th>
			</tr>';

	// If they don't have any buddies don't list them!]]></search>
			<add><![CDATA[				<th scope="col">', $txt['smi_buddies_title'], '</th>
]]></add>
		</operation>
		
		<operation>
			<search position="after"><![CDATA[				<td align="center">';
				if (!$first)]]></search>
			<add><![CDATA[<td align="center">', $buddy['facebook']['link'], ' ', $buddy['myspace']['link'], ' ', $buddy['twitter']['link'], ' ', $buddy['googleplus']['link'], ' ', $buddy['youtube']['link'], ' ', $buddy['deviantart']['link'], '</td>
]]></add>
		</operation>

	</file>
		
	<file name="$themedir/Display.template.php">
		
		<operation>
			<search position="after"><![CDATA[			// Show the profile, website, email address, and personal message buttons.]]></search>
			<add><![CDATA[			// This shows the social media icons.
			if ($message['member']['has_messenger'] && $message['member']['can_view_profile'])
				echo '
								<li class="im_icons">
									<ul>
										', !empty($message['member']['facebook']['link']) ? '<li>' . $message['member']['facebook']['link'] . '</li>' : '', '
										', !empty($message['member']['myspace']['link']) ? '<li>' . $message['member']['myspace']['link'] . '</li>' : '', '
										', !empty($message['member']['twitter']['link']) ? '<li>' . $message['member']['twitter']['link'] . '</li>' : '', '
										', !empty($message['member']['googleplus']['link']) ? '<li>' . $message['member']['googleplus']['link'] . '</li>' : '', '
										', !empty($message['member']['youtube']['link']) ? '<li>' . $message['member']['youtube']['link'] . '</li>' : '', '
										', !empty($message['member']['deviantart']['link']) ? '<li>' . $message['member']['deviantart']['link'] . '</li>' : '', '
									</ul>
								</li>';

]]></add>
		</operation>

	</file>
	
	<file name="$themedir/PersonalMessage.template.php">
		
		<operation>
			<search position="after"><![CDATA[				// Show the profile, website, email address, and personal message buttons.]]></search>
			<add><![CDATA[				// This shows the Social Media icons.
				if ($message['member']['has_messenger'] && $message['member']['can_view_profile'])
					echo '
				<li class="im_icons">
					<ul>
						', !isset($context['disabled_fields']['facebook']) 	&& !empty($message['member']['facebook']['link']) ? '<li>' . $message['member']['facebook']['link'] . '</li>' : '', '
						', !isset($context['disabled_fields']['myspace']) 	&& !empty($message['member']['myspace']['link']) 	? '<li>' . $message['member']['myspace']['link'] 	. '</li>' : '', '			
						', !isset($context['disabled_fields']['twitter']) 	&& !empty($message['member']['twitter']['link']) 	? '<li>' . $message['member']['twitter']['link'] 	. '</li>' : '', '
						', !isset($context['disabled_fields']['googleplus']) 	&& !empty($message['member']['googleplus']['link']) 	? '<li>' . $message['member']['googleplus']['link'] 	. '</li>' : '', '
						', !isset($context['disabled_fields']['youtube']) 	&& !empty($message['member']['youtube']['link']) 	? '<li>' . $message['member']['youtube']['link'] 	. '</li>' : '', '			
						', !isset($context['disabled_fields']['deviantart']) 	&& !empty($message['member']['deviantart']['link']) 	? '<li>' . $message['member']['deviantart']['link'] 	. '</li>' : '', '

					</ul>
				</li>';
								
]]></add>
		</operation>

	</file>	
		
	<file name="$themedir/Profile.template.php">
	
		<operation>
			<search position="replace"><![CDATA[				<th class="last_th" scope="col"></th>
			</tr>';

	// If they don't have any buddies don't list them!]]></search>
			<add><![CDATA[				<th scope="col">', $txt['smi_buddies_title'], '</th>
				<th class="last_th" scope="col"></th>
			</tr>';

	// If they don't have any buddies don't list them!]]></add>
		</operation> 
		
		<operation>
			<search position="after"><![CDATA[				<td align="center"><a href="', $scripturl, '?action=profile;area=lists;sa=buddies;u=', $context['id_member'], ';remove=', $buddy['id'], ';', $context['session_var'], '=', $context['session_id'], '"><img src="', $settings['images_url'], '/icons/delete.gif" alt="', $txt['buddy_remove'], '" title="', $txt['buddy_remove'], '" /></a></td>]]></search>
			<add><![CDATA[				<td align="center">', $buddy['facebook']['link'], ' ', $buddy['myspace']['link'], ' ', $buddy['twitter']['link'], ' ', $buddy['googleplus']['link'], ' ', $buddy['youtube']['link'], ' ', $buddy['deviantart']['link'], '</td>
			]]></add>
		</operation>	

		<operation>
			<search position="before"><![CDATA[				', !isset($context['disabled_fields']['yim']) && !empty($context['member']['yim']['link']) ? '<li>' . $context['member']['yim']['link'] . '</li>' : '', ']]></search>
			<add><![CDATA[
				', !isset($context['disabled_fields']['facebook']) && !empty($context['member']['facebook']['link']) ? '<li>' . $context['member']['facebook']['link'] . '</li>' : '', '
				', !isset($context['disabled_fields']['myspace']) && !empty($context['member']['myspace']['link']) ? '<li>' . $context['member']['myspace']['link'] . '</li>' : '', '
				', !isset($context['disabled_fields']['twitter']) && !empty($context['member']['twitter']['link']) ? '<li>' . $context['member']['twitter']['link'] . '</li>' : '', '
				', !isset($context['disabled_fields']['googleplus']) && !empty($context['member']['googleplus']['link']) ? '<li>' . $context['member']['googleplus']['link'] . '</li>' : '', '				
				', !isset($context['disabled_fields']['youtube']) && !empty($context['member']['youtube']['link']) ? '<li>' . $context['member']['youtube']['link'] . '</li>' : '', '
				', !isset($context['disabled_fields']['deviantart']) && !empty($context['member']['deviantart']['link']) ? '<li>' . $context['member']['deviantart']['link'] . '</li>' : '', ']]></add>
		</operation> 
		
		<operation error="ignore">
			<search position="after"><![CDATA[					</td>';
			if ($i == 3)]]></search>
			<add><![CDATA[				<td align="center">', $buddy['facebook']['link'], ' ', $buddy['myspace']['link'], ' ', $buddy['twitter']['link'], ' ', $buddy['googleplus']['link'], ' ', $buddy['youtube']['link'], ' ', $buddy['deviantart']['link'], '</td>
			]]></add>
		</operation> 		
		
	</file>
	
   <file name="$themedir/UltimateProfile.template.php" error="skip">
		
		<operation>
			<search position="after"><![CDATA[			if (!isset($context['disabled_fields']['icq']) && !empty($context['member']['icq']['link']))
				echo '	
						<dt><img src="http://status.icq.com/online.gif?img=5&amp;icq=', $context['member']['icq']['name'], '" alt="', $txt['icq'], '" /></dt>
						<dd>', $context['member']['icq']['link_text'], '</dd>';]]></search>
			<add><![CDATA[			if (!isset($context['disabled_fields']['facebook']) && !empty($context['member']['facebook']['link']))
				echo '	
						<dt><img src="', $settings['images_url'] ,'/smifacebook.png" alt="', $txt['smi_facebook_title'], '" /></dt>
						<dd>', $context['member']['facebook']['link_text'], '</dd>';

			if (!isset($context['disabled_fields']['myspace']) && !empty($context['member']['myspace']['link']))
				echo '	
						<dt><img src="', $settings['images_url'] ,'/smimyspace.png" alt="', $txt['smi_myspace_title'], '" /></dt>
						<dd>', $context['member']['myspace']['link_text'], '</dd>';

			if (!isset($context['disabled_fields']['twitter']) && !empty($context['member']['twitter']['link']))
				echo '	
						<dt><img src="', $settings['images_url'] ,'/smitwitter.png" alt="', $txt['smi_twitter_title'], '" /></dt>
						<dd>', $context['member']['twitter']['link_text'], '</dd>';						

			if (!isset($context['disabled_fields']['googleplus']) && !empty($context['member']['googleplus']['link']))
				echo '	
						<dt><img src="', $settings['images_url'] ,'/smigoogleplus.png" alt="', $txt['smi_googleplus_title'], '" /></dt>
						<dd>', $context['member']['googleplus']['link_text'], '</dd>';						

			if (!isset($context['disabled_fields']['youtube']) && !empty($context['member']['youtube']['link']))
				echo '	
						<dt><img src="', $settings['images_url'] ,'/smiyoutube.png" alt="', $txt['smi_youtube_title'], '" /></dt>
						<dd>', $context['member']['youtube']['link_text'], '</dd>';

			if (!isset($context['disabled_fields']['deviantart']) && !empty($context['member']['deviantart']['link']))
				echo '	
						<dt><img src="', $settings['images_url'] ,'/smideviantart.png" alt="', $txt['smi_deviantart_title'], '" /></dt>
						<dd>', $context['member']['deviantart']['link_text'], '</dd>';
						
]]></add>
		</operation>

	</file>
		
	<file name="$themedir/Who.template.php">
		
		<operation>
			<search position="replace"><![CDATA[', isset($context['disabled_fields']['aim']) ? '' : $member['aim']['link'], ']]></search>
			<add><![CDATA[ ', isset($context['disabled_fields']['aim']) ? '' : $member['aim']['link'], ' ', $member['facebook']['link'], ' ', $member['myspace']['link'], ' ', $member['twitter']['link'], ' ', $member['googleplus']['link'], ' ', $member['youtube']['link'], ' ', $member['deviantart']['link'], ']]></add>
		</operation>

	</file>
	
	<file name="$languagedir/Modifications.english.php">
		<operation>
			<search position="after"><![CDATA[?>]]></search>
            <add><![CDATA[$txt['smi_facebook_title'] = 'Facebook';
$txt['smi_facebook_desc'] = 'Input your Facebook username.';		
$txt['smi_myspace_title'] = 'MySpace';
$txt['smi_myspace_desc'] = 'Input your MySpace username.';
$txt['smi_twitter_title'] = 'Twitter';
$txt['smi_twitter_desc'] = 'Input your Twitter username.';
$txt['smi_youtube_title'] = 'Youtube';
$txt['smi_youtube_desc'] = 'Input your Youtube username.';
$txt['smi_deviantart_title'] = 'DeviantArt';
$txt['smi_deviantart_desc'] = 'Input your DeviantArt username.';
$txt['smi_googleplus_title'] = 'Google+';
$txt['smi_googleplus_desc'] = 'Input your Google+ User ID.';
]]></add>
        </operation>
   </file>
	
	<file name="$languagedir/Profile.english.php">
		<operation>
			<search position="after"><![CDATA[?>]]></search>
            <add><![CDATA[$txt['smi_buddies_title'] = 'Social Networks';			
]]></add>
        </operation>
   </file>
	
</modification>