﻿<?xml version="1.0"?>
<!DOCTYPE modification SYSTEM "http://www.simplemachines.org/xml/modification">
<modification xmlns="http://www.simplemachines.org/xml/modification" xmlns:smf="http://www.simplemachines.org/">
	<id>hcfwesker:ASMITP</id>
	
	<file name="$languagedir/Modifications.english-utf8.php" error="skip">
		<operation>
			<search position="after"><![CDATA[?>]]></search>
            <add><![CDATA[$txt['smi_facebook_title'] = 'Facebook';
$txt['smi_facebook_desc'] = 'Input your Facebook username.';		
$txt['smi_myspace_title'] = 'MySpace';
$txt['smi_myspace_desc'] = 'Input your MySpace username.';
$txt['smi_twitter_title'] = 'Twitter';
$txt['smi_twitter_desc'] = 'Input your Twitter username.';
$txt['smi_youtube_title'] = 'Youtube';
$txt['smi_youtube_desc'] = 'Input your Youtube username.';
$txt['smi_deviantart_title'] = 'DeviantArt';
$txt['smi_deviantart_desc'] = 'Input your DeviantArt username.';
$txt['smi_googleplus_title'] = 'Google+';
$txt['smi_googleplus_desc'] = 'Input your Google+ User ID.';
]]></add>
        </operation>
   </file>
	
	<file name="$languagedir/Profile.english-utf8.php" error="skip">
		<operation>
			<search position="after"><![CDATA[?>]]></search>
            <add><![CDATA[$txt['smi_buddies_title'] = 'Social Networks';			
]]></add>
        </operation>
   </file>
	
</modification>