<?xml version="1.0"?>
<!DOCTYPE package-info SYSTEM "http://www.simplemachines.org/xml/package-info">
<package-info xmlns="http://www.simplemachines.org/xml/package-info" xmlns:smf="http://www.simplemachines.org/">
	<name>Thank-o-matic</name>
	<id>din1031:ThankOMatic</id>
	<type>modification</type>
	<version>3.0</version>
		
	<install for="2.0 - 2.0.99">
		<readme parsebbc="true">readme.txt</readme>
		<modification type="file">modifications/install_2.0.x.xml</modification>
		<modification type="file">modifications/ThankOMaticEnglish.xml</modification>
		<modification type="file">modifications/ThankOMaticSpanish.xml</modification>
		<require-dir name="Sources" destination="$boarddir" />
		<require-dir name="Themes" destination="$boarddir" />
		<redirect url="?action=admin;area=thankyoupostsettings;" timeout="3000">redirect.txt</redirect>
		<code>db/install.php</code>
	</install>
		
	<uninstall for="2.0 - 2.0.99">
		<readme type="file" parsebbc="true">readme1.txt</readme>
		<modification type="file" reverse="true">modifications/install_2.0.x.xml</modification>
		<modification type="file" reverse="true">modifications/ThankOMaticEnglish.xml</modification>
		<modification type="file" reverse="true">modifications/ThankOMaticSpanish.xml</modification>
		<remove-file name="$themedir/images/buttons/thank_you_b.png" />
		<remove-file name="$themedir/images/buttons/thank_you.png" />
		<remove-file name="$themedir/images/buttons/thank_you_lock.png" />
		<remove-file name="$themedir/images/buttons/thank_you_open.png" />
		<remove-file name="$themedir/images/buttons/thank_you_delete.png" />
		<remove-file name="$themedir/images/admin/thank_you_maintain.png" />
		<remove-file name="$themedir/images/admin/thank_you_settings.png" />
		<remove-file name="$sourcedir/ThankYouPost.php" />
		<remove-file name="$sourcedir/Subs-ThankYou.php" />
		<remove-file name="$sourcedir/ManageThankYouPost.php" />
		<remove-file name="$sourcedir/ThankYouPost-Maintaince.php" />
		<remove-file name="$sourcedir/Profile-ThankYouPost.php" />
		<remove-file name="$themedir/ThankYouPost.template.php" />
		<code>db/uninstall.php</code>
       </uninstall>
		
</package-info>