<?xml version="1.0"?>
<!DOCTYPE modification SYSTEM "http://www.simplemachines.org/xml/modification">
<!-- - - - - - - - - - - - - - - - - - - - - - - - - - - - - - - - - - - - - - -
	ATTENTION: If you are trying to install this manually, you should try
	the package manager.  If it will not work for you, please take a look
	at the following for information on this format:
		http://www.simplemachines.org/redirect/manual_mod_install
 - - - - - - - - - - - - - - - - - - - - - - - - - - - - - - - - - - - - - - -->

<modification xmlns="http://www.simplemachines.org/xml/modification" xmlns:smf="http://www.simplemachines.org/">
	<id>OutofOrder:GoodPostBadPost</id>
	<version>2.0.4</version>

	<file name="$themedir/Profile.template.php" error="skip">
		<operation>
			<search position="replace"><![CDATA[				<dt>', $txt['gpbp_respect'], ': </dt>
				]]></search>
			<add><![CDATA[					<dt>', $txt['gpbp_respect'], ': </dt>
					]]></add>
		</operation>
	</file>

	<file name="$languagedir/Help.russian-utf8.php" error="skip">
		<operation>
			<search position="end" />
			<add><![CDATA[
// Good Post/Bad Post mod strings
$helptxt['gpbp_threshold'] = 'В зависимости от выбранной пользователем темы оформления и её настроек это может привести к проблемам отображения "плохих" сообщений, их "затенения" либо скрытия (тема "плохого" сообщения выделяется серым фоном).<br /><br /><b>"Плохие" посты, оценка которых впоследствии меняется, снова отображаются как обычные сообщения.</b>';
$helptxt['gpbp_display_respect'] = '"Уважение" — сумма всех полученных оценок. Отрицательные оценки вычитаются из этой величины.';
]]></add>
		</operation>
	</file>

	<file name="$languagedir/Who.russian-utf8.php" error="skip">
		<operation>
			<search position="end" />
			<add><![CDATA[
// Good Post/Bad Post: it may be nice to let users know of this.
$txt['whotopic_gpbp'] = 'Оценивает сообщение в теме &quot;<a href="' . $scripturl . '?topic=%d.0">%s</a>&quot;.';
]]></add>
		</operation>
	</file>

	<file name="$languagedir/Modifications.russian-utf8.php" error="skip">
		<operation>
			<search position="end" />
			<add><![CDATA[
// Good Post/Bad Post permission strings.
$txt['permissiongroup_gpbp'] = 'Права доступа для мода "Хороший пост/Плохой пост"';
$txt['permissiongroup_simple_gpbp'] = 'Права доступа для мода "Хороший пост/Плохой пост"';
$txt['permissionname_gpbp_manage'] = 'Управление настройками мода "Хороший пост/Плохой пост"';
$txt['permissionhelp_gpbp_manage'] = 'Это разрешение включает изменение общих настроек ХП/ПП; выбор разделов, в которых этот мод должен работать.';
$txt['cannot_gpbp_manage'] = 'Вам не разрешено управление настройками мода "Хороший пост/Плохой пост".';
$txt['permissionname_gpbp_vote'] = 'Голосование за сообщения (плохое или хорошее)';
$txt['permissionhelp_gpbp_vote'] = 'Пользователи могут оценивать сообщения — положительно или отрицательно. В разделе, содержащем сообщения, должно быть разрешено голосование (в настройках мода).<br/><br/><strong>Примечание</strong>: гости не имеют права голосовать (невзирая на это разрешение).';
$txt['cannot_gpbp_vote'] = 'Извините, Вам не разрешено оценивать сообщения.';
$txt['permissionname_gpbp_reveal'] = 'Отображение "плохих" постов';
$txt['permissionhelp_gpbp_reveal'] = 'Пользователи могут просматривать сообщения, которые были скрыты из-за их низкой оценки.';
$txt['cannot_gpbp_reveal'] = 'Вы не имеете доступа к сообщениям, скрытым в результате их низкой оценки.';
$txt['permissionname_gpbp_voterslist'] = 'Список голосовавших';
$txt['permissionhelp_gpbp_voterslist'] = 'Пользователи могут просматривать список тех, кто проголосовал (и узнать, кто и как проголосовал).';
$txt['cannot_gpbp_voterslist'] = 'У Вас нет доступа к списку участников голосования.';
// Managing area.
$txt['gpbp_manage'] = 'Рейтинг сообщений';
$txt['gpbp_managearea_basic'] = 'Основные настройки';
$txt['gpbp_managearea_basic_desc'] = 'Здесь находятся базовые настройки мода.';
$txt['gpbp_managearea_advanced'] = 'Дополнительно';
$txt['gpbp_managearea_advanced_desc'] = 'Здесь находятся расширенные настройки мода.';
$txt['gpbp_managearea_tools'] = 'Обслуживание';
$txt['gpbp_managearea_tools_desc'] = 'Используйте эти инструменты для быстрого просмотра линии голосований, ручного изменения голосов и редактирования пользовательских значений шкалы "Уважения", а также для отправки результатов.<br /><strong>Примечание:</strong> Вам нужно подтвердить поиск перед тем, как Вы сможете обработать голоса.';
$txt['gpbp_manage_title'] = 'Рейтинг сообщений';
$txt['gpbp_hide_action'] = 'Мод "Хороший пост/Плохой пост": что делать с "плохими" сообщениями?';
$txt['gpbp_hide_action_hide'] = 'Скрывать их';
$txt['gpbp_hide_action_grey'] = 'Подсвечивать серым фоном';
$txt['gpbp_hide_action_none'] = 'Ничего';
$txt['gpbp_settings'] = 'Настройки мода';
$txt['gpbp_bad_threshold'] = 'Порог для "плохого" поста';
$txt['gpbp_bad_threshold_desc'] = 'Любое сообщение, оценка которого опустится ниже этого значения, будет отмечено как "плохое".';
$txt['gpbp_show_respect'] = 'Показывать накопленное пользователями уважение';
$txt['gpbp_show_respect_desc'] = 'Отображение счётчика "уважения" в сообщениях и в профиле пользователей.';
$txt['gpbp_affected_boards'] = 'Разделы, в которых можно оценивать сообщения';
$txt['gpbp_enable_boards'] = 'Включить мод в этих разделах';
$txt['gpbp_enable_boards_desc'] = 'Выберите разделы для включения в них возможности голосовать.<br /><br /><strong>Примечание:</strong> Оценки сообщений никогда не удаляются. Повторное включение голосования в разделе отобразит результаты предыдущих оценок.';
$txt['gpbp_choose_boards'] = 'Разделы для выбора';
$txt['gpbp_display_stats'] = 'Отображение рейтинга сообщений в общей статистике форума';
$txt['gpbp_display_stats_desc'] = 'Выберите, показывать или нет <strong>Первую десятку проголосовавших</strong> и <strong>Десятку наиболее уважаемых</strong> пользователей.';
$txt['gpbp_show_best_topics'] = 'Отображение "Лучших сообщений недели":';
$txt['gpbp_show_best_topics_desc'] = 'Укажите количество сообщений для отображения в <strong>Информационном центре</strong> на главной странице форума, включая самые оцениваемые сообщения за прошедшие несколько дней.<br /><strong>Укажите 0 для отключения этой функции.</strong>';
$txt['gpbp_button_set'] = 'Набор кнопок для показа в сообщениях:';
$txt['gpbp_button_set_desc'] = 'Вы можете выбрать определённый стиль для кнопок голосования.';
$txt['gpbp_users_choice'] = 'Пользователи выбирают собственные установки мода';
$txt['gpbp_users_choice_desc'] = 'Отметьте эту опцию для разрешения пользователям выбирать их собственные настройки (скрытие, подсветка серым, ничего) или снимите галочку, чтобы заработали существующие установки.<br /> Вы можете изменить настройки текущей темы оформления, перейдя к странице <strong>Настройки пользователя</strong> в разделе "Темы оформления".';
$txt['gpbp_users_choice_none'] = 'Разрешить пользователям выбирать вариант &quot;Ничего&quot; при настройке мода в профиле?';
$txt['gpbp_users_choice_none_desc'] = 'Отметьте эту опцию для отображения "плохих" сообщений как обычных. Убирание галочки ничего не изменит, так как Вам всё равно придётся изменять настройки пользователей, чтобы отключить эту опцию полностью.';
$txt['gpbp_users_hide_again'] = 'Разрешить пользователям повторное скрытие плохих сообщений?';
$txt['gpbp_users_hide_again_desc'] = 'Отметьте эту опцию для отображения ссылки на быстрое скрытие плохого сообщения, если пост был отображен пользователем вручную.';
$txt['gpbp_voters_list_limit'] = 'Количество пользователей для отображения в списке голосующих:';
$txt['gpbp_voters_list_limit_desc'] = 'В список войдёт только указанное количество пользователей, остальные не будут показаны (в алфавитном порядке).<br /> <strong>Выберите 0 для скрытия списка</strong>.<br /> <strong>Примечание:</strong> список отображается только если в браузере включен Javascript.';
$txt['gpbp_disable_negative_voting'] = 'Отключение негативного голосования';
$txt['gpbp_disable_negative_voting_desc'] = 'Отметьте эту функцию, чтобы пользователи могли голосовать <strong>только положительно</strong>.';
$txt['gpbp_disable_disrespect'] = 'Подсчитывать только положительные оценки для изменения шкалы Уважения';
$txt['gpbp_disable_disrespect_desc'] = 'Отметьте эту функцию, если не хотите, чтобы отрицательные оценки влияли на "Уважение".<br /> <strong>Примечание:</strong> После изменения этой опции, возможно, потребуется <em>Пересчёт результатов</em> (в разделе Обслуживание).';
$txt['gpbp_post_count_limit'] = 'Ограничить возможность голосования для пользователей с количеством сообщений менее указанной цифры:';
$txt['gpbp_post_count_limit_desc'] = 'Измените это число, если хотите установить запрет на голосование для тех пользователей, количество сообщений которых не превышает заданное.<br />Оставьте 0 для снятия ограничений.';
$txt['gpbp_vote_search'] = 'Поиск оценок';
$txt['gpbp_vote_search_filters'] = 'Используйте эти фильтры для поиска отдельных оценок. Пустые значения будут проигнорированы.';
$txt['gpbp_vote_search_filter_by'] = 'Фильтр по...';
$txt['gpbp_vote_search_topic_id'] = 'ID темы:';
$txt['gpbp_vote_search_msg_id'] = 'ID сообщения:';
$txt['gpbp_vote_search_poster_name'] = 'Имя автора сообщения:';
$txt['gpbp_vote_search_voter_name'] = 'Имя проголосовавшего:';
$txt['gpbp_vote_search_score'] = 'Результат:';
$txt['gpbp_vote_search_any_score'] = 'Любой результат.';
$txt['gpbp_vote_list'] = 'Список оценок';
$txt['gpbp_vote_list_showing'] = 'Показано %s из %s общего кол-ва оценок.';
$txt['gpbp_vote_list_poster'] = 'Автор';
$txt['gpbp_vote_list_voter'] = 'Кто голосовал';
$txt['gpbp_vote_list_vote'] = 'Оценка';
$txt['gpbp_vote_list_when'] = 'Когда';
$txt['gpbp_vote_list_check'] = 'Кликните, чтоы отметить (или снять отметку) все оценки';
$txt['gpbp_vote_list_deleted'] = 'Удалить?';
$txt['gpbp_vote_list_mdeleted'] = 'Удалено.';
$txt['gpbp_vote_list_account_deleted'] = 'Аккаунт #%s удалён.';
$txt['gpbp_vote_list_subject'] = 'Тема:';
$txt['gpbp_vote_list_topic_deleted'] = 'Тема удалена?';
$txt['gpbp_vote_list_no_votes'] = 'Нет оценок для показа.';
$txt['gpbp_votes_deleted_s'] = '%s голос был удалён.';
$txt['gpbp_votes_reversed_s'] = '%s голос был отменён.';
$txt['gpbp_votes_deleted'] = '%s голосов было удалено.';
$txt['gpbp_votes_reversed'] = '%s голосов было отменено.';
$txt['gpbp_votes_delete'] = 'Удалить данные';
$txt['gpbp_votes_reverse'] = 'Отменить результаты';
$txt['gpbp_votes_all_checked'] = 'всех отмеченных голосов.';
$txt['gpbp_votes_also_update'] = 'Также обновить значение "Уважения" у авторов сообщений.';
$txt['gpbp_filtered_edit'] = 'Изменить все отфильтрованные результаты за раз';
$txt['gpbp_filtered_edit_desc'] = 'Используйте следующую форму, если хотите отредактировать все результаты поиска разом. <em>Если Вы хотите изменить результаты только нескольких голосов, воспользуйтесь инструментом выше.</em>';
$txt['gpbp_filtered_delete'] = 'Удалить все найденные голоса.';
$txt['gpbp_filtered_reverse'] = 'Аннулировать результаты всех найденных голосов.';
$txt['gpbp_filtered_confirm'] = 'Вы действительно хотите изменить все %s найденных голосов?';
$txt['gpbp_manual_changes'] = 'Ручное изменение';
$txt['gpbp_manual_edit_scores'] = 'Редактирование счёта голосов за выбранное сообщение ';
$txt['gpbp_manual_specific_change'] = 'Если хотите изменить результат голосов в отдельном сообщении, введите ID этого сообщения и новый счёт ниже.';
$txt['gpbp_manual_new_score'] = 'Новое значение:';
$txt['gpbp_edit_respect'] = 'Редактирование значения параметра "Уважение" пользователей';
$txt['gpbp_edit_respect_desc'] = 'Вы можете вручную изменить значения параметра "Уважение" для конкретного пользователя, введя его имя и новое значение ниже.';
$txt['gpbp_edit_respect_member'] = 'Пользователь:';
$txt['gpbp_edit_respect_new'] = 'Новое значение:';
$txt['gpbp_votes_deleted_filter'] = '%s голосов было удалено. %s пользователь(ей) нуждается в обновлении значения "Уважения". %s сообщение(ий) нуждается в обновлении результатов подсчёта голосов.';
$txt['gpbp_votes_reversed_filter'] = '%s голосов было отменено. %s пользователь(ей) нуждается в обновлении значения "Уважения". %s сообщение(ий) нуждается в обновлении результатов подсчёта голосов.';
$txt['gpbp_respect_success'] = 'Значение параметра "Уважение" %s было изменено.';
$txt['gpbp_respect_not_needed'] = 'Вы не выбрали другое значение Уважения. Изменений не произошло.';
$txt['gpbp_score_success'] = 'Обновление результатов для поста #%s';
$txt['gpbp_orphaned_title'] = 'Очистка "висячих" голосов';
$txt['gpbp_orphaned_desc'] = 'Удаление "висячих" (из удалённых сообщений) голосов из базы данных. Это не повлияет на "Уважение" пользователей, но статистика изменится (Первая десятка проголосовавших, Десятка наиболее уважаемых пользователей).';
$txt['gpbp_orphaned_report'] = 'Обнаружено <strong>%s</strong> "висячих" голосов.';
$txt['gpbp_orphaned_go'] = 'Очистить "висячие" голоса';
$txt['gpbp_orphaned_success'] = '%s голосов было удалено.';
$txt['gpbp_totals'] = 'Пересчёт результатов';
$txt['gpbp_totals_success'] = 'Завершён пересчёт результатов для %s пользователей и %s сообщений.';
$txt['gpbp_totals_desc'] = 'Можно пересчитать все результаты голосований и значения параметра "Уважения" для сообщений и, соответственно, пользователей.<br /><strong>Примечание: </strong>Это может занять достаточно длительное время, особенно если на форуме достаточно много пользователей. Пожалуйста, переведите форум в <em>режим техобслуживания</em>, прежде чем воспользуетесь этим инструментом.';
// Managing area errors.
$txt['gpbp_names_not_found'] = 'Имена, которые Вы отправили, не были обнаружены в списке пользователей.';
$txt['gpbp_voter_not_found'] = 'Имя голосующего, которое Вы отправили, не было найдено в списке пользователей.';
$txt['gpbp_poster_not_found'] = 'Имя автора, которое Вы отправили, не было найдено в списке пользователей.';
$txt['gpbp_vote_not_sent'] = 'Голоса не были выбраны, попробуйте снова.';
$txt['gpbp_filter_edit_needed'] = 'Не выбрано никаких действий для обработки результатов поиска. Пожалуйста, вернитесь назад и попробуйте снова.';
$txt['gpbp_chosenmember_not_found'] = 'Имя пользователя, которое Вы ввели, не существует. Пожалуйста, проверьте его и попытайтесь снова.';
$txt['gpbp_message_not_found'] = 'ID, введённый Вами, не соответствует ни одному из существующих сообщений.';
// Voting errors.
$txt['gpbp_lacks_msg'] = 'Вы не указали сообщение для оценки.';
$txt['gpbp_notinthisboard'] = 'Извините, в этом разделе отключено голосование за сообщения.';
$txt['gpbp_msg_not_found'] = 'Указанное Вами сообщение не найдено.';
$txt['gpbp_msg_not_approved'] = 'Вы не можете оценивать это сообщение, так как оно ещё не проверено модератором.';
$txt['gpbp_msg_own_voted'] = 'Извините, Вы не можете голосовать за собственные сообщения.';
$txt['gpbp_can_not_vote_down'] = 'Извините, Вы не можете голосовать отрицательно.';
$txt['gpbp_must_fill_field'] = 'Вы должны заполнить хотя бы 1 поле.';
// General user interface.
$txt['gpbp_respect'] = 'Уважение';
$txt['gpbp_post_score'] = 'Текущая оценка этого сообщения.';
$txt['gpbp_vote_down'] = 'Проголосовать ПРОТИВ';
$txt['gpbp_vote_up'] = 'Проголосовать ЗА';
$txt['gpbp_voted_down_alt'] = 'Проголосовал ПРОТИВ.';
$txt['gpbp_voted_up_alt'] = 'Проголосовал ЗА.';
$txt['gpbp_voted_down'] = 'Вы оценили этот пост как плохой. Кликните для изменения оценки.';
$txt['gpbp_to_vote_down'] = 'Плохой пост';
$txt['gpbp_voted_up'] = 'Вы оценили этот пост как хороший. Кликните для изменения оценки.';
$txt['gpbp_to_vote_up'] = 'Хороший пост';
$txt['gpbp_hidden'] = 'Скрыт.';
$txt['gpbp_show'] = 'Показать сообщение.';
$txt['gpbp_member_hide_action'] = 'Посты с оценками: что делать с сообщениями, оценка которых <strong>%s</strong> или меньше?';
$txt['gpbp_top_voters'] = 'Первая десятка проголосовавших';
$txt['gpbp_most_respected'] = 'Десятка наиболее уважаемых пользователей';
$txt['gpbp_show_voters'] = 'Показать проголосовавших';
$txt['gpbp_voters_list'] = 'Список голосовавших:';
$txt['gpbp_no_voters'] = 'Нет голосов.';
$txt['gpbp_hide_again'] = 'Кликните для повторного <strong>скрытия</strong> этого сообщения.';
$txt['gpbp_motw'] = 'Лучшие сообщения недели';
// Message _by_ an author, _in_ a topic:
$txt['gpbp_motw_by'] = 'by';
$txt['gpbp_motw_in'] = 'in';
// The following strings are meant to be used in "Respect was/was not updated" below.
$txt['gpbp_was'] = 'было';
$txt['gpbp_was_not'] = 'не было';
// Moderation log
$txt['modlog_ac_gpbp_deleted_votes'] = 'Удалено оценок: {amount}. Значение параметра "Уважение" <strong>{respect}</strong> обновлено.';
$txt['modlog_ac_gpbp_reversed_votes'] = 'Отменено оценок: {amount}. Значение параметра "Уважение" <strong>{respect}</strong> обновлено.';
$txt['modlog_ac_gpbp_score_updated'] = 'Для сообщения #{msg} результат был изменен на {score}';
$txt['modlog_ac_gpbp_respect_updated'] = '"Уважение" пользователя {membername} было изменено на {respect}';
$txt['modlog_ac_gpbp_clean_orphaned'] = '"Висячие" голоса удалены ({orphaned}).';
$txt['modlog_ac_gpbp_basic_settings'] = 'Базовые настройки обновлены.';
$txt['modlog_ac_gpbp_boards'] = 'Список разделов обновлён.';
$txt['modlog_ac_gpbp_advanced_settings'] = 'Расширенные настройки обновлены.';
$txt['modlog_ac_gpbp_totals'] = 'Общий счёт оценок и "Уважение" были пересчитаны.';
]]></add>
		</operation>
	</file>
</modification>
